{
  "type": "FeatureCollection",
  "name": "AquaSentinel_Sonar_Detections",
  "crs": {
    "type": "name",
    "properties": {
      "name": "urn:ogc:def:crs:OGC:1.3:CRS84"
    }
  },
  "features": [
    {
      "type": "Feature",
      "id": "0001_2010.jpg_tgt-01",
      "geometry": {
        "type": "Point",
        "coordinates": [
          7.93,
          37.74
        ]
      },
      "properties": {
        "image_name": "0001_2010.jpg",
        "target_id": "tgt-01",
        "class_name": "crab_pot",
        "confidence_ai": 0.2916,
        "confidence_final": 0.2916,
        "hazard_risk": "LOW",
        "shadow_evidence": "NEUTRAL",
        "review_status": "UNVERIFIED",
        "length_m": 0.4,
        "width_m": 0.4,
        "area_m2": 0.16,
        "relief_height_m": 2.13,
        "bbox": [
          225.0,
          35.0,
          257.0,
          67.0
        ],
        "coordinate_frame": "LOCAL_TRACK_METRIC"
      }
    },
    {
      "type": "Feature",
      "id": "0001_2015.jpg_tgt-01",
      "geometry": {
        "type": "Point",
        "coordinates": [
          5.13,
          -11.87
        ]
      },
      "properties": {
        "image_name": "0001_2015.jpg",
        "target_id": "tgt-01",
        "class_name": "crab_pot",
        "confidence_ai": 0.96,
        "confidence_final": 0.96,
        "hazard_risk": "LOW",
        "shadow_evidence": "NEUTRAL",
        "review_status": "UNVERIFIED",
        "length_m": 0.65,
        "width_m": 0.95,
        "area_m2": 0.62,
        "relief_height_m": 0.95,
        "bbox": [
          543.0,
          615.0,
          586.0,
          652.0
        ],
        "coordinate_frame": "LOCAL_TRACK_METRIC"
      }
    },
    {
      "type": "Feature",
      "id": "0001_2015.jpg_tgt-02",
      "geometry": {
        "type": "Point",
        "coordinates": [
          2.54,
          -9.57
        ]
      },
      "properties": {
        "image_name": "0001_2015.jpg",
        "target_id": "tgt-02",
        "class_name": "crab_pot",
        "confidence_ai": 0.96,
        "confidence_final": 0.98,
        "hazard_risk": "LOW",
        "shadow_evidence": "SUPPORTING",
        "review_status": "VERIFIED_3D",
        "length_m": 0.6,
        "width_m": 0.6,
        "area_m2": 0.36,
        "relief_height_m": 4.0,
        "bbox": [
          520.0,
          592.0,
          556.0,
          628.0
        ],
        "coordinate_frame": "LOCAL_TRACK_METRIC"
      }
    },
    {
      "type": "Feature",
      "id": "0001_2015.jpg_tgt-03",
      "geometry": {
        "type": "Point",
        "coordinates": [
          2.44,
          -7.23
        ]
      },
      "properties": {
        "image_name": "0001_2015.jpg",
        "target_id": "tgt-03",
        "class_name": "ghost_net",
        "confidence_ai": 0.96,
        "confidence_final": 0.96,
        "hazard_risk": "MEDIUM",
        "shadow_evidence": "NEUTRAL",
        "review_status": "UNVERIFIED",
        "length_m": 0.5,
        "width_m": 0.7,
        "area_m2": 0.35,
        "relief_height_m": 3.56,
        "bbox": [
          518.0,
          569.0,
          556.0,
          603.0
        ],
        "coordinate_frame": "LOCAL_TRACK_METRIC"
      }
    },
    {
      "type": "Feature",
      "id": "0001_2015.jpg_tgt-04",
      "geometry": {
        "type": "Point",
        "coordinates": [
          5.03,
          4.49
        ]
      },
      "properties": {
        "image_name": "0001_2015.jpg",
        "target_id": "tgt-04",
        "class_name": "submarine_pipeline",
        "confidence_ai": 0.96,
        "confidence_final": 0.96,
        "hazard_risk": "HIGH",
        "shadow_evidence": "NEUTRAL",
        "review_status": "UNVERIFIED",
        "length_m": 8.3,
        "width_m": 0.95,
        "area_m2": 7.89,
        "relief_height_m": 1.91,
        "bbox": [
          542.0,
          370.0,
          585.0,
          562.0
        ],
        "coordinate_frame": "LOCAL_TRACK_METRIC"
      }
    },
    {
      "type": "Feature",
      "id": "0001_2015.jpg_tgt-05",
      "geometry": {
        "type": "Point",
        "coordinates": [
          2.34,
          -35.06
        ]
      },
      "properties": {
        "image_name": "0001_2015.jpg",
        "target_id": "tgt-05",
        "class_name": "ghost_net",
        "confidence_ai": 0.96,
        "confidence_final": 0.98,
        "hazard_risk": "MEDIUM",
        "shadow_evidence": "SUPPORTING",
        "review_status": "VERIFIED_3D",
        "length_m": 0.6,
        "width_m": 0.9,
        "area_m2": 0.54,
        "relief_height_m": 4.57,
        "bbox": [
          515.0,
          853.0,
          557.0,
          889.0
        ],
        "coordinate_frame": "LOCAL_TRACK_METRIC"
      }
    },
    {
      "type": "Feature",
      "id": "0001_2015.jpg_tgt-06",
      "geometry": {
        "type": "Point",
        "coordinates": [
          4.88,
          -34.13
        ]
      },
      "properties": {
        "image_name": "0001_2015.jpg",
        "target_id": "tgt-06",
        "class_name": "crab_pot",
        "confidence_ai": 0.96,
        "confidence_final": 0.96,
        "hazard_risk": "LOW",
        "shadow_evidence": "NEUTRAL",
        "review_status": "UNVERIFIED",
        "length_m": 0.65,
        "width_m": 0.5,
        "area_m2": 0.33,
        "relief_height_m": 0.98,
        "bbox": [
          545.0,
          843.0,
          579.0,
          880.0
        ],
        "coordinate_frame": "LOCAL_TRACK_METRIC"
      }
    },
    {
      "type": "Feature",
      "id": "0001_2015.jpg_tgt-07",
      "geometry": {
        "type": "Point",
        "coordinates": [
          4.79,
          -25.93
        ]
      },
      "properties": {
        "image_name": "0001_2015.jpg",
        "target_id": "tgt-07",
        "class_name": "submarine_pipeline",
        "confidence_ai": 0.96,
        "confidence_final": 0.86,
        "hazard_risk": "HIGH",
        "shadow_evidence": "ABSENT",
        "review_status": "FLAGGED_FOR_REVIEW",
        "length_m": 1.05,
        "width_m": 0.5,
        "area_m2": 0.53,
        "relief_height_m": 1.24,
        "bbox": [
          544.0,
          755.0,
          578.0,
          800.0
        ],
        "coordinate_frame": "LOCAL_TRACK_METRIC"
      }
    },
    {
      "type": "Feature",
      "id": "0001_2015.jpg_tgt-08",
      "geometry": {
        "type": "Point",
        "coordinates": [
          -5.62,
          -43.85
        ]
      },
      "properties": {
        "image_name": "0001_2015.jpg",
        "target_id": "tgt-08",
        "class_name": "submarine_pipeline",
        "confidence_ai": 0.9283,
        "confidence_final": 0.9283,
        "hazard_risk": "HIGH",
        "shadow_evidence": "NEUTRAL",
        "review_status": "UNVERIFIED",
        "length_m": 4.2,
        "width_m": 0.95,
        "area_m2": 3.99,
        "relief_height_m": 1.64,
        "bbox": [
          433.0,
          907.0,
          476.0,
          1015.0
        ],
        "coordinate_frame": "LOCAL_TRACK_METRIC"
      }
    },
    {
      "type": "Feature",
      "id": "0001_2015.jpg_tgt-09",
      "geometry": {
        "type": "Point",
        "coordinates": [
          2.39,
          -16.85
        ]
      },
      "properties": {
        "image_name": "0001_2015.jpg",
        "target_id": "tgt-09",
        "class_name": "crab_pot",
        "confidence_ai": 0.9189,
        "confidence_final": 0.9189,
        "hazard_risk": "LOW",
        "shadow_evidence": "NEUTRAL",
        "review_status": "UNVERIFIED",
        "length_m": 0.75,
        "width_m": 0.75,
        "area_m2": 0.56,
        "relief_height_m": 3.91,
        "bbox": [
          517.0,
          665.0,
          556.0,
          704.0
        ],
        "coordinate_frame": "LOCAL_TRACK_METRIC"
      }
    },
    {
      "type": "Feature",
      "id": "0001_2015.jpg_tgt-10",
      "geometry": {
        "type": "Point",
        "coordinates": [
          4.35,
          43.02
        ]
      },
      "properties": {
        "image_name": "0001_2015.jpg",
        "target_id": "tgt-10",
        "class_name": "submarine_pipeline",
        "confidence_ai": 0.9158,
        "confidence_final": 0.9158,
        "hazard_risk": "HIGH",
        "shadow_evidence": "NEUTRAL",
        "review_status": "UNVERIFIED",
        "length_m": 1.25,
        "width_m": 0.55,
        "area_m2": 0.69,
        "relief_height_m": 1.93,
        "bbox": [
          539.0,
          47.0,
          574.0,
          96.0
        ],
        "coordinate_frame": "LOCAL_TRACK_METRIC"
      }
    },
    {
      "type": "Feature",
      "id": "0001_2015.jpg_tgt-11",
      "geometry": {
        "type": "Point",
        "coordinates": [
          -5.03,
          2.78
        ]
      },
      "properties": {
        "image_name": "0001_2015.jpg",
        "target_id": "tgt-11",
        "class_name": "submarine_pipeline",
        "confidence_ai": 0.9118,
        "confidence_final": 0.9118,
        "hazard_risk": "HIGH",
        "shadow_evidence": "NEUTRAL",
        "review_status": "UNVERIFIED",
        "length_m": 4.45,
        "width_m": 0.95,
        "area_m2": 4.23,
        "relief_height_m": 4.18,
        "bbox": [
          439.0,
          427.0,
          482.0,
          540.0
        ],
        "coordinate_frame": "LOCAL_TRACK_METRIC"
      }
    },
    {
      "type": "Feature",
      "id": "0001_2015.jpg_tgt-12",
      "geometry": {
        "type": "Point",
        "coordinates": [
          -2.98,
          -12.01
        ]
      },
      "properties": {
        "image_name": "0001_2015.jpg",
        "target_id": "tgt-12",
        "class_name": "ghost_net",
        "confidence_ai": 0.8999,
        "confidence_final": 0.98,
        "hazard_risk": "MEDIUM",
        "shadow_evidence": "SUPPORTING",
        "review_status": "VERIFIED_3D",
        "length_m": 0.5,
        "width_m": 0.95,
        "area_m2": 0.47,
        "relief_height_m": 3.72,
        "bbox": [
          460.0,
          618.0,
          503.0,
          652.0
        ],
        "coordinate_frame": "LOCAL_TRACK_METRIC"
      }
    },
    {
      "type": "Feature",
      "id": "0001_2015.jpg_tgt-13",
      "geometry": {
        "type": "Point",
        "coordinates": [
          4.88,
          26.17
        ]
      },
      "properties": {
        "image_name": "0001_2015.jpg",
        "target_id": "tgt-13",
        "class_name": "crab_pot",
        "confidence_ai": 0.8831,
        "confidence_final": 0.8831,
        "hazard_risk": "LOW",
        "shadow_evidence": "NEUTRAL",
        "review_status": "UNVERIFIED",
        "length_m": 1.0,
        "width_m": 0.8,
        "area_m2": 0.8,
        "relief_height_m": 1.22,
        "bbox": [
          542.0,
          222.0,
          582.0,
          266.0
        ],
        "coordinate_frame": "LOCAL_TRACK_METRIC"
      }
    },
    {
      "type": "Feature",
      "id": "0001_2015.jpg_tgt-14",
      "geometry": {
        "type": "Point",
        "coordinates": [
          -34.18,
          30.27
        ]
      },
      "properties": {
        "image_name": "0001_2015.jpg",
        "target_id": "tgt-14",
        "class_name": "mine_cylinder",
        "confidence_ai": 0.7612,
        "confidence_final": 0.7612,
        "hazard_risk": "CRITICAL",
        "shadow_evidence": "NEUTRAL",
        "review_status": "UNVERIFIED",
        "length_m": 1.6,
        "width_m": 2.0,
        "area_m2": 3.2,
        "relief_height_m": 2.04,
        "bbox": [
          130.0,
          174.0,
          194.0,
          230.0
        ],
        "coordinate_frame": "LOCAL_TRACK_METRIC"
      }
    },
    {
      "type": "Feature",
      "id": "0001_2015.jpg_tgt-15",
      "geometry": {
        "type": "Point",
        "coordinates": [
          28.17,
          -31.93
        ]
      },
      "properties": {
        "image_name": "0001_2015.jpg",
        "target_id": "tgt-15",
        "class_name": "shipwreck",
        "confidence_ai": 0.2563,
        "confidence_final": 0.3763,
        "hazard_risk": "HIGH",
        "shadow_evidence": "SUPPORTING",
        "review_status": "VERIFIED_3D",
        "length_m": 1.1,
        "width_m": 2.65,
        "area_m2": 2.92,
        "relief_height_m": 0.27,
        "bbox": [
          762.0,
          816.0,
          839.0,
          862.0
        ],
        "coordinate_frame": "LOCAL_TRACK_METRIC"
      }
    },
    {
      "type": "Feature",
      "id": "0003_2015.jpg_tgt-01",
      "geometry": {
        "type": "Point",
        "coordinates": [
          4.49,
          12.74
        ]
      },
      "properties": {
        "image_name": "0003_2015.jpg",
        "target_id": "tgt-01",
        "class_name": "submarine_pipeline",
        "confidence_ai": 0.96,
        "confidence_final": 0.86,
        "hazard_risk": "HIGH",
        "shadow_evidence": "ABSENT",
        "review_status": "FLAGGED_FOR_REVIEW",
        "length_m": 0.95,
        "width_m": 0.5,
        "area_m2": 0.47,
        "relief_height_m": 1.43,
        "bbox": [
          541.0,
          360.0,
          575.0,
          403.0
        ],
        "coordinate_frame": "LOCAL_TRACK_METRIC"
      }
    },
    {
      "type": "Feature",
      "id": "0003_2015.jpg_tgt-02",
      "geometry": {
        "type": "Point",
        "coordinates": [
          -4.98,
          31.15
        ]
      },
      "properties": {
        "image_name": "0003_2015.jpg",
        "target_id": "tgt-02",
        "class_name": "submarine_pipeline",
        "confidence_ai": 0.96,
        "confidence_final": 0.96,
        "hazard_risk": "HIGH",
        "shadow_evidence": "NEUTRAL",
        "review_status": "UNVERIFIED",
        "length_m": 3.3,
        "width_m": 0.8,
        "area_m2": 2.64,
        "relief_height_m": 3.88,
        "bbox": [
          441.0,
          148.0,
          481.0,
          238.0
        ],
        "coordinate_frame": "LOCAL_TRACK_METRIC"
      }
    },
    {
      "type": "Feature",
      "id": "0003_2015.jpg_tgt-03",
      "geometry": {
        "type": "Point",
        "coordinates": [
          -4.88,
          37.21
        ]
      },
      "properties": {
        "image_name": "0003_2015.jpg",
        "target_id": "tgt-03",
        "class_name": "submarine_pipeline",
        "confidence_ai": 0.9419,
        "confidence_final": 0.9419,
        "hazard_risk": "HIGH",
        "shadow_evidence": "NEUTRAL",
        "review_status": "UNVERIFIED",
        "length_m": 4.2,
        "width_m": 0.9,
        "area_m2": 3.78,
        "relief_height_m": 4.15,
        "bbox": [
          441.0,
          77.0,
          483.0,
          185.0
        ],
        "coordinate_frame": "LOCAL_TRACK_METRIC"
      }
    },
    {
      "type": "Feature",
      "id": "0003_2015.jpg_tgt-04",
      "geometry": {
        "type": "Point",
        "coordinates": [
          -5.13,
          19.78
        ]
      },
      "properties": {
        "image_name": "0003_2015.jpg",
        "target_id": "tgt-04",
        "class_name": "submarine_pipeline",
        "confidence_ai": 0.9268,
        "confidence_final": 0.9268,
        "hazard_risk": "HIGH",
        "shadow_evidence": "NEUTRAL",
        "review_status": "UNVERIFIED",
        "length_m": 3.35,
        "width_m": 0.75,
        "area_m2": 2.51,
        "relief_height_m": 3.67,
        "bbox": [
          440.0,
          264.0,
          479.0,
          355.0
        ],
        "coordinate_frame": "LOCAL_TRACK_METRIC"
      }
    },
    {
      "type": "Feature",
      "id": "0003_2015.jpg_tgt-05",
      "geometry": {
        "type": "Point",
        "coordinates": [
          -4.88,
          43.07
        ]
      },
      "properties": {
        "image_name": "0003_2015.jpg",
        "target_id": "tgt-05",
        "class_name": "submarine_pipeline",
        "confidence_ai": 0.8699,
        "confidence_final": 0.8699,
        "hazard_risk": "HIGH",
        "shadow_evidence": "NEUTRAL",
        "review_status": "UNVERIFIED",
        "length_m": 2.3,
        "width_m": 0.7,
        "area_m2": 1.61,
        "relief_height_m": 2.37,
        "bbox": [
          443.0,
          36.0,
          481.0,
          106.0
        ],
        "coordinate_frame": "LOCAL_TRACK_METRIC"
      }
    },
    {
      "type": "Feature",
      "id": "0003_2015.jpg_tgt-06",
      "geometry": {
        "type": "Point",
        "coordinates": [
          -3.56,
          -1.42
        ]
      },
      "properties": {
        "image_name": "0003_2015.jpg",
        "target_id": "tgt-06",
        "class_name": "crab_pot",
        "confidence_ai": 0.8516,
        "confidence_final": 0.9316,
        "hazard_risk": "LOW",
        "shadow_evidence": "SUPPORTING",
        "review_status": "VERIFIED_3D",
        "length_m": 0.75,
        "width_m": 0.85,
        "area_m2": 0.64,
        "relief_height_m": 2.98,
        "bbox": [
          455.0,
          507.0,
          496.0,
          546.0
        ],
        "coordinate_frame": "LOCAL_TRACK_METRIC"
      }
    },
    {
      "type": "Feature",
      "id": "0003_2015.jpg_tgt-07",
      "geometry": {
        "type": "Point",
        "coordinates": [
          -39.5,
          28.66
        ]
      },
      "properties": {
        "image_name": "0003_2015.jpg",
        "target_id": "tgt-07",
        "class_name": "crab_pot",
        "confidence_ai": 0.8367,
        "confidence_final": 0.8367,
        "hazard_risk": "LOW",
        "shadow_evidence": "NEUTRAL",
        "review_status": "UNVERIFIED",
        "length_m": 0.65,
        "width_m": 0.85,
        "area_m2": 0.55,
        "relief_height_m": 0.14,
        "bbox": [
          87.0,
          200.0,
          128.0,
          237.0
        ],
        "coordinate_frame": "LOCAL_TRACK_METRIC"
      }
    },
    {
      "type": "Feature",
      "id": "0003_2015.jpg_tgt-08",
      "geometry": {
        "type": "Point",
        "coordinates": [
          6.79,
          33.89
        ]
      },
      "properties": {
        "image_name": "0003_2015.jpg",
        "target_id": "tgt-08",
        "class_name": "ghost_net",
        "confidence_ai": 0.835,
        "confidence_final": 0.935,
        "hazard_risk": "MEDIUM",
        "shadow_evidence": "SUPPORTING",
        "review_status": "VERIFIED_3D",
        "length_m": 1.2,
        "width_m": 0.75,
        "area_m2": 0.9,
        "relief_height_m": 2.84,
        "bbox": [
          562.0,
          141.0,
          601.0,
          189.0
        ],
        "coordinate_frame": "LOCAL_TRACK_METRIC"
      }
    },
    {
      "type": "Feature",
      "id": "0003_2015.jpg_tgt-09",
      "geometry": {
        "type": "Point",
        "coordinates": [
          6.74,
          -40.87
        ]
      },
      "properties": {
        "image_name": "0003_2015.jpg",
        "target_id": "tgt-09",
        "class_name": "shipwreck",
        "confidence_ai": 0.7382,
        "confidence_final": 0.8582,
        "hazard_risk": "HIGH",
        "shadow_evidence": "SUPPORTING",
        "review_status": "VERIFIED_3D",
        "length_m": 9.15,
        "width_m": 2.2,
        "area_m2": 20.13,
        "relief_height_m": 1.27,
        "bbox": [
          547.0,
          825.0,
          615.0,
          1024.0
        ],
        "coordinate_frame": "LOCAL_TRACK_METRIC"
      }
    },
    {
      "type": "Feature",
      "id": "0003_2015.jpg_tgt-10",
      "geometry": {
        "type": "Point",
        "coordinates": [
          29.59,
          -8.64
        ]
      },
      "properties": {
        "image_name": "0003_2015.jpg",
        "target_id": "tgt-10",
        "class_name": "shipwreck",
        "confidence_ai": 0.5429,
        "confidence_final": 0.6629,
        "hazard_risk": "HIGH",
        "shadow_evidence": "SUPPORTING",
        "review_status": "VERIFIED_3D",
        "length_m": 1.05,
        "width_m": 0.5,
        "area_m2": 0.53,
        "relief_height_m": 0.87,
        "bbox": [
          798.0,
          578.0,
          832.0,
          623.0
        ],
        "coordinate_frame": "LOCAL_TRACK_METRIC"
      }
    },
    {
      "type": "Feature",
      "id": "0003_2015.jpg_tgt-11",
      "geometry": {
        "type": "Point",
        "coordinates": [
          9.67,
          -32.23
        ]
      },
      "properties": {
        "image_name": "0003_2015.jpg",
        "target_id": "tgt-11",
        "class_name": "shipwreck",
        "confidence_ai": 0.5041,
        "confidence_final": 0.6241,
        "hazard_risk": "HIGH",
        "shadow_evidence": "SUPPORTING",
        "review_status": "VERIFIED_3D",
        "length_m": 0.9,
        "width_m": 1.2,
        "area_m2": 1.08,
        "relief_height_m": 0.6,
        "bbox": [
          587.0,
          821.0,
          635.0,
          863.0
        ],
        "coordinate_frame": "LOCAL_TRACK_METRIC"
      }
    },
    {
      "type": "Feature",
      "id": "0003_2015.jpg_tgt-12",
      "geometry": {
        "type": "Point",
        "coordinates": [
          24.71,
          46.19
        ]
      },
      "properties": {
        "image_name": "0003_2015.jpg",
        "target_id": "tgt-12",
        "class_name": "shipwreck",
        "confidence_ai": 0.4144,
        "confidence_final": 0.5344,
        "hazard_risk": "HIGH",
        "shadow_evidence": "SUPPORTING",
        "review_status": "VERIFIED_3D",
        "length_m": 0.9,
        "width_m": 2.2,
        "area_m2": 1.98,
        "relief_height_m": 0.3,
        "bbox": [
          731.0,
          18.0,
          799.0,
          60.0
        ],
        "coordinate_frame": "LOCAL_TRACK_METRIC"
      }
    },
    {
      "type": "Feature",
      "id": "0003_2015.jpg_tgt-13",
      "geometry": {
        "type": "Point",
        "coordinates": [
          -27.93,
          43.31
        ]
      },
      "properties": {
        "image_name": "0003_2015.jpg",
        "target_id": "tgt-13",
        "class_name": "mine_cylinder",
        "confidence_ai": 0.3992,
        "confidence_final": 0.3992,
        "hazard_risk": "CRITICAL",
        "shadow_evidence": "NEUTRAL",
        "review_status": "UNVERIFIED",
        "length_m": 0.55,
        "width_m": 1.2,
        "area_m2": 0.66,
        "relief_height_m": 0.6,
        "bbox": [
          202.0,
          51.0,
          250.0,
          86.0
        ],
        "coordinate_frame": "LOCAL_TRACK_METRIC"
      }
    },
    {
      "type": "Feature",
      "id": "0003_2015.jpg_tgt-14",
      "geometry": {
        "type": "Point",
        "coordinates": [
          45.46,
          -2.1
        ]
      },
      "properties": {
        "image_name": "0003_2015.jpg",
        "target_id": "tgt-14",
        "class_name": "shipwreck",
        "confidence_ai": 0.39,
        "confidence_final": 0.39,
        "hazard_risk": "HIGH",
        "shadow_evidence": "NEUTRAL",
        "review_status": "UNVERIFIED",
        "length_m": 2.45,
        "width_m": 4.55,
        "area_m2": 11.15,
        "relief_height_m": 0.02,
        "bbox": [
          920.0,
          497.0,
          1024.0,
          570.0
        ],
        "coordinate_frame": "LOCAL_TRACK_METRIC"
      }
    },
    {
      "type": "Feature",
      "id": "0003_2015.jpg_tgt-15",
      "geometry": {
        "type": "Point",
        "coordinates": [
          30.42,
          -47.27
        ]
      },
      "properties": {
        "image_name": "0003_2015.jpg",
        "target_id": "tgt-15",
        "class_name": "mine_cylinder",
        "confidence_ai": 0.2706,
        "confidence_final": 0.2706,
        "hazard_risk": "CRITICAL",
        "shadow_evidence": "NEUTRAL",
        "review_status": "UNVERIFIED",
        "length_m": 1.2,
        "width_m": 2.35,
        "area_m2": 2.82,
        "relief_height_m": 0.34,
        "bbox": [
          788.0,
          972.0,
          859.0,
          1020.0
        ],
        "coordinate_frame": "LOCAL_TRACK_METRIC"
      }
    },
    {
      "type": "Feature",
      "id": "0003_2015.jpg_tgt-16",
      "geometry": {
        "type": "Point",
        "coordinates": [
          34.52,
          36.18
        ]
      },
      "properties": {
        "image_name": "0003_2015.jpg",
        "target_id": "tgt-16",
        "class_name": "shipwreck",
        "confidence_ai": 0.2564,
        "confidence_final": 0.3764,
        "hazard_risk": "HIGH",
        "shadow_evidence": "SUPPORTING",
        "review_status": "VERIFIED_3D",
        "length_m": 1.05,
        "width_m": 1.35,
        "area_m2": 1.42,
        "relief_height_m": 0.59,
        "bbox": [
          840.0,
          119.0,
          891.0,
          164.0
        ],
        "coordinate_frame": "LOCAL_TRACK_METRIC"
      }
    },
    {
      "type": "Feature",
      "id": "0003_2021.jpg_tgt-01",
      "geometry": {
        "type": "Point",
        "coordinates": [
          12.98,
          26.2
        ]
      },
      "properties": {
        "image_name": "0003_2021.jpg",
        "target_id": "tgt-01",
        "class_name": "mine_cylinder",
        "confidence_ai": 0.5557,
        "confidence_final": 0.5557,
        "hazard_risk": "CRITICAL",
        "shadow_evidence": "NEUTRAL",
        "review_status": "UNVERIFIED",
        "length_m": 0.8,
        "width_m": 0.8,
        "area_m2": 0.64,
        "relief_height_m": 0.8,
        "bbox": [
          242.0,
          79.0,
          282.0,
          119.0
        ],
        "coordinate_frame": "LOCAL_TRACK_METRIC"
      }
    },
    {
      "type": "Feature",
      "id": "0003_2021.jpg_tgt-02",
      "geometry": {
        "type": "Point",
        "coordinates": [
          -30.77,
          -36.66
        ]
      },
      "properties": {
        "image_name": "0003_2021.jpg",
        "target_id": "tgt-02",
        "class_name": "crab_pot",
        "confidence_ai": 0.3268,
        "confidence_final": 0.3268,
        "hazard_risk": "LOW",
        "shadow_evidence": "NEUTRAL",
        "review_status": "UNVERIFIED",
        "length_m": 0.45,
        "width_m": 0.4,
        "area_m2": 0.18,
        "relief_height_m": 0.74,
        "bbox": [
          64.0,
          344.0,
          96.0,
          377.0
        ],
        "coordinate_frame": "LOCAL_TRACK_METRIC"
      }
    },
    {
      "type": "Feature",
      "id": "0005_2010.jpg_tgt-01",
      "geometry": {
        "type": "Point",
        "coordinates": [
          -2.64,
          0.0
        ]
      },
      "properties": {
        "image_name": "0005_2010.jpg",
        "target_id": "tgt-01",
        "class_name": "submarine_pipeline",
        "confidence_ai": 0.96,
        "confidence_final": 0.98,
        "hazard_risk": "HIGH",
        "shadow_evidence": "SUPPORTING",
        "review_status": "VERIFIED_3D",
        "length_m": 20.8,
        "width_m": 1.8,
        "area_m2": 37.44,
        "relief_height_m": 7.23,
        "bbox": [
          167.0,
          0.0,
          227.0,
          416.0
        ],
        "coordinate_frame": "LOCAL_TRACK_METRIC"
      }
    },
    {
      "type": "Feature",
      "id": "0005_2010.jpg_tgt-02",
      "geometry": {
        "type": "Point",
        "coordinates": [
          17.07,
          21.51
        ]
      },
      "properties": {
        "image_name": "0005_2010.jpg",
        "target_id": "tgt-02",
        "class_name": "submarine_pipeline",
        "confidence_ai": 0.8744,
        "confidence_final": 0.8744,
        "hazard_risk": "HIGH",
        "shadow_evidence": "NEUTRAL",
        "review_status": "UNVERIFIED",
        "length_m": 0.45,
        "width_m": 1.4,
        "area_m2": 0.63,
        "relief_height_m": 2.49,
        "bbox": [
          253.0,
          102.0,
          305.0,
          135.0
        ],
        "coordinate_frame": "LOCAL_TRACK_METRIC"
      }
    },
    {
      "type": "Feature",
      "id": "0005_2010.jpg_tgt-03",
      "geometry": {
        "type": "Point",
        "coordinates": [
          5.05,
          0.0
        ]
      },
      "properties": {
        "image_name": "0005_2010.jpg",
        "target_id": "tgt-03",
        "class_name": "submarine_pipeline",
        "confidence_ai": 0.7428,
        "confidence_final": 0.8628,
        "hazard_risk": "HIGH",
        "shadow_evidence": "SUPPORTING",
        "review_status": "VERIFIED_3D",
        "length_m": 20.8,
        "width_m": 0.7,
        "area_m2": 14.56,
        "relief_height_m": 5.33,
        "bbox": [
          210.0,
          0.0,
          248.0,
          416.0
        ],
        "coordinate_frame": "LOCAL_TRACK_METRIC"
      }
    },
    {
      "type": "Feature",
      "id": "0005_2021.jpg_tgt-01",
      "geometry": {
        "type": "Point",
        "coordinates": [
          -8.41,
          31.85
        ]
      },
      "properties": {
        "image_name": "0005_2021.jpg",
        "target_id": "tgt-01",
        "class_name": "submarine_pipeline",
        "confidence_ai": 0.3667,
        "confidence_final": 0.3667,
        "hazard_risk": "HIGH",
        "shadow_evidence": "NEUTRAL",
        "review_status": "UNVERIFIED",
        "length_m": 7.55,
        "width_m": 5.8,
        "area_m2": 43.79,
        "relief_height_m": 5.69,
        "bbox": [
          103.0,
          0.0,
          243.0,
          163.0
        ],
        "coordinate_frame": "LOCAL_TRACK_METRIC"
      }
    },
    {
      "type": "Feature",
      "id": "0009_2015.jpg_tgt-01",
      "geometry": {
        "type": "Point",
        "coordinates": [
          -4.93,
          -45.56
        ]
      },
      "properties": {
        "image_name": "0009_2015.jpg",
        "target_id": "tgt-01",
        "class_name": "submarine_pipeline",
        "confidence_ai": 0.96,
        "confidence_final": 0.96,
        "hazard_risk": "HIGH",
        "shadow_evidence": "NEUTRAL",
        "review_status": "UNVERIFIED",
        "length_m": 1.25,
        "width_m": 0.45,
        "area_m2": 0.56,
        "relief_height_m": 1.31,
        "bbox": [
          445.0,
          954.0,
          478.0,
          1003.0
        ],
        "coordinate_frame": "LOCAL_TRACK_METRIC"
      }
    },
    {
      "type": "Feature",
      "id": "0009_2015.jpg_tgt-02",
      "geometry": {
        "type": "Point",
        "coordinates": [
          -4.74,
          -24.61
        ]
      },
      "properties": {
        "image_name": "0009_2015.jpg",
        "target_id": "tgt-02",
        "class_name": "submarine_pipeline",
        "confidence_ai": 0.9483,
        "confidence_final": 0.9483,
        "hazard_risk": "HIGH",
        "shadow_evidence": "NEUTRAL",
        "review_status": "UNVERIFIED",
        "length_m": 2.6,
        "width_m": 0.45,
        "area_m2": 1.17,
        "relief_height_m": 1.0,
        "bbox": [
          447.0,
          726.0,
          480.0,
          802.0
        ],
        "coordinate_frame": "LOCAL_TRACK_METRIC"
      }
    },
    {
      "type": "Feature",
      "id": "0009_2015.jpg_tgt-03",
      "geometry": {
        "type": "Point",
        "coordinates": [
          4.93,
          -48.83
        ]
      },
      "properties": {
        "image_name": "0009_2015.jpg",
        "target_id": "tgt-03",
        "class_name": "submarine_pipeline",
        "confidence_ai": 0.9436,
        "confidence_final": 0.9436,
        "hazard_risk": "HIGH",
        "shadow_evidence": "NEUTRAL",
        "review_status": "UNVERIFIED",
        "length_m": 1.2,
        "width_m": 0.45,
        "area_m2": 0.54,
        "relief_height_m": 0.86,
        "bbox": [
          546.0,
          988.0,
          579.0,
          1024.0
        ],
        "coordinate_frame": "LOCAL_TRACK_METRIC"
      }
    },
    {
      "type": "Feature",
      "id": "0009_2015.jpg_tgt-04",
      "geometry": {
        "type": "Point",
        "coordinates": [
          38.87,
          -19.73
        ]
      },
      "properties": {
        "image_name": "0009_2015.jpg",
        "target_id": "tgt-04",
        "class_name": "crab_pot",
        "confidence_ai": 0.9409,
        "confidence_final": 0.9409,
        "hazard_risk": "LOW",
        "shadow_evidence": "NEUTRAL",
        "review_status": "UNVERIFIED",
        "length_m": 0.7,
        "width_m": 0.6,
        "area_m2": 0.42,
        "relief_height_m": 0.71,
        "bbox": [
          892.0,
          695.0,
          928.0,
          733.0
        ],
        "coordinate_frame": "LOCAL_TRACK_METRIC"
      }
    },
    {
      "type": "Feature",
      "id": "0009_2015.jpg_tgt-05",
      "geometry": {
        "type": "Point",
        "coordinates": [
          15.43,
          7.32
        ]
      },
      "properties": {
        "image_name": "0009_2015.jpg",
        "target_id": "tgt-05",
        "class_name": "crab_pot",
        "confidence_ai": 0.9231,
        "confidence_final": 0.9231,
        "hazard_risk": "LOW",
        "shadow_evidence": "NEUTRAL",
        "review_status": "UNVERIFIED",
        "length_m": 0.7,
        "width_m": 0.9,
        "area_m2": 0.63,
        "relief_height_m": 2.04,
        "bbox": [
          649.0,
          418.0,
          691.0,
          456.0
        ],
        "coordinate_frame": "LOCAL_TRACK_METRIC"
      }
    },
    {
      "type": "Feature",
      "id": "0009_2015.jpg_tgt-06",
      "geometry": {
        "type": "Point",
        "coordinates": [
          -4.83,
          -37.21
        ]
      },
      "properties": {
        "image_name": "0009_2015.jpg",
        "target_id": "tgt-06",
        "class_name": "submarine_pipeline",
        "confidence_ai": 0.9145,
        "confidence_final": 0.9145,
        "hazard_risk": "HIGH",
        "shadow_evidence": "NEUTRAL",
        "review_status": "UNVERIFIED",
        "length_m": 1.3,
        "width_m": 0.45,
        "area_m2": 0.59,
        "relief_height_m": 1.22,
        "bbox": [
          446.0,
          868.0,
          479.0,
          918.0
        ],
        "coordinate_frame": "LOCAL_TRACK_METRIC"
      }
    },
    {
      "type": "Feature",
      "id": "0009_2015.jpg_tgt-07",
      "geometry": {
        "type": "Point",
        "coordinates": [
          -5.37,
          4.79
        ]
      },
      "properties": {
        "image_name": "0009_2015.jpg",
        "target_id": "tgt-07",
        "class_name": "submarine_pipeline",
        "confidence_ai": 0.9017,
        "confidence_final": 0.9017,
        "hazard_risk": "HIGH",
        "shadow_evidence": "NEUTRAL",
        "review_status": "UNVERIFIED",
        "length_m": 1.1,
        "width_m": 0.6,
        "area_m2": 0.66,
        "relief_height_m": 1.12,
        "bbox": [
          439.0,
          440.0,
          475.0,
          486.0
        ],
        "coordinate_frame": "LOCAL_TRACK_METRIC"
      }
    },
    {
      "type": "Feature",
      "id": "0009_2015.jpg_tgt-08",
      "geometry": {
        "type": "Point",
        "coordinates": [
          4.83,
          -39.89
        ]
      },
      "properties": {
        "image_name": "0009_2015.jpg",
        "target_id": "tgt-08",
        "class_name": "submarine_pipeline",
        "confidence_ai": 0.8971,
        "confidence_final": 0.8971,
        "hazard_risk": "HIGH",
        "shadow_evidence": "NEUTRAL",
        "review_status": "UNVERIFIED",
        "length_m": 2.25,
        "width_m": 0.45,
        "area_m2": 1.01,
        "relief_height_m": 1.0,
        "bbox": [
          545.0,
          886.0,
          578.0,
          955.0
        ],
        "coordinate_frame": "LOCAL_TRACK_METRIC"
      }
    },
    {
      "type": "Feature",
      "id": "0009_2015.jpg_tgt-09",
      "geometry": {
        "type": "Point",
        "coordinates": [
          11.57,
          48.83
        ]
      },
      "properties": {
        "image_name": "0009_2015.jpg",
        "target_id": "tgt-09",
        "class_name": "mine_cylinder",
        "confidence_ai": 0.6281,
        "confidence_final": 0.6281,
        "hazard_risk": "CRITICAL",
        "shadow_evidence": "NEUTRAL",
        "review_status": "UNVERIFIED",
        "length_m": 0.8,
        "width_m": 1.15,
        "area_m2": 0.92,
        "relief_height_m": 0.39,
        "bbox": [
          607.0,
          0.0,
          654.0,
          32.0
        ],
        "coordinate_frame": "LOCAL_TRACK_METRIC"
      }
    },
    {
      "type": "Feature",
      "id": "0009_2015.jpg_tgt-10",
      "geometry": {
        "type": "Point",
        "coordinates": [
          -18.95,
          -39.89
        ]
      },
      "properties": {
        "image_name": "0009_2015.jpg",
        "target_id": "tgt-10",
        "class_name": "mine_cylinder",
        "confidence_ai": 0.4328,
        "confidence_final": 0.4328,
        "hazard_risk": "CRITICAL",
        "shadow_evidence": "NEUTRAL",
        "review_status": "UNVERIFIED",
        "length_m": 0.95,
        "width_m": 1.7,
        "area_m2": 1.61,
        "relief_height_m": 0.24,
        "bbox": [
          289.0,
          899.0,
          347.0,
          942.0
        ],
        "coordinate_frame": "LOCAL_TRACK_METRIC"
      }
    },
    {
      "type": "Feature",
      "id": "0009_2015.jpg_tgt-11",
      "geometry": {
        "type": "Point",
        "coordinates": [
          -49.22,
          8.59
        ]
      },
      "properties": {
        "image_name": "0009_2015.jpg",
        "target_id": "tgt-11",
        "class_name": "shipwreck",
        "confidence_ai": 0.4315,
        "confidence_final": 0.4315,
        "hazard_risk": "HIGH",
        "shadow_evidence": "NEUTRAL",
        "review_status": "UNVERIFIED",
        "length_m": 1.2,
        "width_m": 0.8,
        "area_m2": 0.96,
        "relief_height_m": 0.5,
        "bbox": [
          0.0,
          400.0,
          28.0,
          448.0
        ],
        "coordinate_frame": "LOCAL_TRACK_METRIC"
      }
    },
    {
      "type": "Feature",
      "id": "0009_2015.jpg_tgt-12",
      "geometry": {
        "type": "Point",
        "coordinates": [
          10.6,
          14.65
        ]
      },
      "properties": {
        "image_name": "0009_2015.jpg",
        "target_id": "tgt-12",
        "class_name": "mine_cylinder",
        "confidence_ai": 0.265,
        "confidence_final": 0.265,
        "hazard_risk": "CRITICAL",
        "shadow_evidence": "NEUTRAL",
        "review_status": "UNVERIFIED",
        "length_m": 0.6,
        "width_m": 1.15,
        "area_m2": 0.69,
        "relief_height_m": 0.42,
        "bbox": [
          597.0,
          344.0,
          644.0,
          380.0
        ],
        "coordinate_frame": "LOCAL_TRACK_METRIC"
      }
    },
    {
      "type": "Feature",
      "id": "0011_2021.jpg_tgt-01",
      "geometry": {
        "type": "Point",
        "coordinates": [
          -0.96,
          -0.12
        ]
      },
      "properties": {
        "image_name": "0011_2021.jpg",
        "target_id": "tgt-01",
        "class_name": "shipwreck",
        "confidence_ai": 0.2594,
        "confidence_final": 0.3794,
        "hazard_risk": "HIGH",
        "shadow_evidence": "SUPPORTING",
        "review_status": "VERIFIED_3D",
        "length_m": 20.65,
        "width_m": 7.1,
        "area_m2": 146.61,
        "relief_height_m": 7.7,
        "bbox": [
          121.0,
          0.0,
          287.0,
          416.0
        ],
        "coordinate_frame": "LOCAL_TRACK_METRIC"
      }
    },
    {
      "type": "Feature",
      "id": "0012_2010.jpg_tgt-01",
      "geometry": {
        "type": "Point",
        "coordinates": [
          1.42,
          -36.38
        ]
      },
      "properties": {
        "image_name": "0012_2010.jpg",
        "target_id": "tgt-01",
        "class_name": "submarine_pipeline",
        "confidence_ai": 0.96,
        "confidence_final": 0.96,
        "hazard_risk": "HIGH",
        "shadow_evidence": "NEUTRAL",
        "review_status": "UNVERIFIED",
        "length_m": 1.25,
        "width_m": 0.4,
        "area_m2": 0.44,
        "relief_height_m": 5.45,
        "bbox": [
          511.0,
          860.0,
          542.0,
          909.0
        ],
        "coordinate_frame": "LOCAL_TRACK_METRIC"
      }
    },
    {
      "type": "Feature",
      "id": "0012_2010.jpg_tgt-02",
      "geometry": {
        "type": "Point",
        "coordinates": [
          -1.17,
          -22.56
        ]
      },
      "properties": {
        "image_name": "0012_2010.jpg",
        "target_id": "tgt-02",
        "class_name": "submarine_pipeline",
        "confidence_ai": 0.96,
        "confidence_final": 0.98,
        "hazard_risk": "HIGH",
        "shadow_evidence": "SUPPORTING",
        "review_status": "VERIFIED_3D",
        "length_m": 3.4,
        "width_m": 0.5,
        "area_m2": 1.7,
        "relief_height_m": 5.87,
        "bbox": [
          483.0,
          697.0,
          517.0,
          789.0
        ],
        "coordinate_frame": "LOCAL_TRACK_METRIC"
      }
    },
    {
      "type": "Feature",
      "id": "0012_2010.jpg_tgt-03",
      "geometry": {
        "type": "Point",
        "coordinates": [
          -1.12,
          5.08
        ]
      },
      "properties": {
        "image_name": "0012_2010.jpg",
        "target_id": "tgt-03",
        "class_name": "submarine_pipeline",
        "confidence_ai": 0.96,
        "confidence_final": 0.98,
        "hazard_risk": "HIGH",
        "shadow_evidence": "SUPPORTING",
        "review_status": "VERIFIED_3D",
        "length_m": 1.1,
        "width_m": 0.45,
        "area_m2": 0.5,
        "relief_height_m": 5.71,
        "bbox": [
          484.0,
          437.0,
          517.0,
          483.0
        ],
        "coordinate_frame": "LOCAL_TRACK_METRIC"
      }
    },
    {
      "type": "Feature",
      "id": "0012_2010.jpg_tgt-04",
      "geometry": {
        "type": "Point",
        "coordinates": [
          -1.12,
          8.15
        ]
      },
      "properties": {
        "image_name": "0012_2010.jpg",
        "target_id": "tgt-04",
        "class_name": "submarine_pipeline",
        "confidence_ai": 0.96,
        "confidence_final": 0.98,
        "hazard_risk": "HIGH",
        "shadow_evidence": "SUPPORTING",
        "review_status": "VERIFIED_3D",
        "length_m": 1.05,
        "width_m": 0.45,
        "area_m2": 0.47,
        "relief_height_m": 5.66,
        "bbox": [
          484.0,
          406.0,
          517.0,
          451.0
        ],
        "coordinate_frame": "LOCAL_TRACK_METRIC"
      }
    },
    {
      "type": "Feature",
      "id": "0012_2010.jpg_tgt-05",
      "geometry": {
        "type": "Point",
        "coordinates": [
          -1.12,
          13.77
        ]
      },
      "properties": {
        "image_name": "0012_2010.jpg",
        "target_id": "tgt-05",
        "class_name": "submarine_pipeline",
        "confidence_ai": 0.96,
        "confidence_final": 0.98,
        "hazard_risk": "HIGH",
        "shadow_evidence": "SUPPORTING",
        "review_status": "VERIFIED_3D",
        "length_m": 4.3,
        "width_m": 0.45,
        "area_m2": 1.94,
        "relief_height_m": 5.71,
        "bbox": [
          484.0,
          316.0,
          517.0,
          426.0
        ],
        "coordinate_frame": "LOCAL_TRACK_METRIC"
      }
    },
    {
      "type": "Feature",
      "id": "0012_2010.jpg_tgt-06",
      "geometry": {
        "type": "Point",
        "coordinates": [
          -1.07,
          24.46
        ]
      },
      "properties": {
        "image_name": "0012_2010.jpg",
        "target_id": "tgt-06",
        "class_name": "submarine_pipeline",
        "confidence_ai": 0.96,
        "confidence_final": 0.98,
        "hazard_risk": "HIGH",
        "shadow_evidence": "SUPPORTING",
        "review_status": "VERIFIED_3D",
        "length_m": 8.35,
        "width_m": 0.5,
        "area_m2": 4.17,
        "relief_height_m": 5.9,
        "bbox": [
          484.0,
          165.0,
          518.0,
          358.0
        ],
        "coordinate_frame": "LOCAL_TRACK_METRIC"
      }
    },
    {
      "type": "Feature",
      "id": "0012_2010.jpg_tgt-07",
      "geometry": {
        "type": "Point",
        "coordinates": [
          -1.07,
          33.74
        ]
      },
      "properties": {
        "image_name": "0012_2010.jpg",
        "target_id": "tgt-07",
        "class_name": "submarine_pipeline",
        "confidence_ai": 0.96,
        "confidence_final": 0.98,
        "hazard_risk": "HIGH",
        "shadow_evidence": "SUPPORTING",
        "review_status": "VERIFIED_3D",
        "length_m": 1.85,
        "width_m": 0.5,
        "area_m2": 0.93,
        "relief_height_m": 5.68,
        "bbox": [
          484.0,
          136.0,
          518.0,
          197.0
        ],
        "coordinate_frame": "LOCAL_TRACK_METRIC"
      }
    },
    {
      "type": "Feature",
      "id": "0012_2010.jpg_tgt-08",
      "geometry": {
        "type": "Point",
        "coordinates": [
          -1.07,
          40.58
        ]
      },
      "properties": {
        "image_name": "0012_2010.jpg",
        "target_id": "tgt-08",
        "class_name": "submarine_pipeline",
        "confidence_ai": 0.96,
        "confidence_final": 0.98,
        "hazard_risk": "HIGH",
        "shadow_evidence": "SUPPORTING",
        "review_status": "VERIFIED_3D",
        "length_m": 5.25,
        "width_m": 0.5,
        "area_m2": 2.62,
        "relief_height_m": 5.74,
        "bbox": [
          484.0,
          32.0,
          518.0,
          161.0
        ],
        "coordinate_frame": "LOCAL_TRACK_METRIC"
      }
    },
    {
      "type": "Feature",
      "id": "0012_2010.jpg_tgt-09",
      "geometry": {
        "type": "Point",
        "coordinates": [
          -1.03,
          47.31
        ]
      },
      "properties": {
        "image_name": "0012_2010.jpg",
        "target_id": "tgt-09",
        "class_name": "submarine_pipeline",
        "confidence_ai": 0.96,
        "confidence_final": 0.98,
        "hazard_risk": "HIGH",
        "shadow_evidence": "SUPPORTING",
        "review_status": "VERIFIED_3D",
        "length_m": 1.75,
        "width_m": 0.45,
        "area_m2": 0.79,
        "relief_height_m": 5.62,
        "bbox": [
          485.0,
          0.0,
          518.0,
          57.0
        ],
        "coordinate_frame": "LOCAL_TRACK_METRIC"
      }
    },
    {
      "type": "Feature",
      "id": "0012_2010.jpg_tgt-10",
      "geometry": {
        "type": "Point",
        "coordinates": [
          4.39,
          46.92
        ]
      },
      "properties": {
        "image_name": "0012_2010.jpg",
        "target_id": "tgt-10",
        "class_name": "submarine_pipeline",
        "confidence_ai": 0.96,
        "confidence_final": 0.86,
        "hazard_risk": "HIGH",
        "shadow_evidence": "ABSENT",
        "review_status": "FLAGGED_FOR_REVIEW",
        "length_m": 3.15,
        "width_m": 0.6,
        "area_m2": 1.89,
        "relief_height_m": 3.76,
        "bbox": [
          539.0,
          0.0,
          575.0,
          75.0
        ],
        "coordinate_frame": "LOCAL_TRACK_METRIC"
      }
    },
    {
      "type": "Feature",
      "id": "0012_2010.jpg_tgt-11",
      "geometry": {
        "type": "Point",
        "coordinates": [
          -1.12,
          11.33
        ]
      },
      "properties": {
        "image_name": "0012_2010.jpg",
        "target_id": "tgt-11",
        "class_name": "submarine_pipeline",
        "confidence_ai": 0.96,
        "confidence_final": 0.98,
        "hazard_risk": "HIGH",
        "shadow_evidence": "SUPPORTING",
        "review_status": "VERIFIED_3D",
        "length_m": 1.2,
        "width_m": 0.45,
        "area_m2": 0.54,
        "relief_height_m": 5.66,
        "bbox": [
          484.0,
          372.0,
          517.0,
          420.0
        ],
        "coordinate_frame": "LOCAL_TRACK_METRIC"
      }
    },
    {
      "type": "Feature",
      "id": "0012_2010.jpg_tgt-12",
      "geometry": {
        "type": "Point",
        "coordinates": [
          -4.69,
          9.38
        ]
      },
      "properties": {
        "image_name": "0012_2010.jpg",
        "target_id": "tgt-12",
        "class_name": "submarine_pipeline",
        "confidence_ai": 0.96,
        "confidence_final": 0.86,
        "hazard_risk": "HIGH",
        "shadow_evidence": "ABSENT",
        "review_status": "FLAGGED_FOR_REVIEW",
        "length_m": 3.2,
        "width_m": 0.6,
        "area_m2": 1.92,
        "relief_height_m": 2.88,
        "bbox": [
          446.0,
          372.0,
          482.0,
          460.0
        ],
        "coordinate_frame": "LOCAL_TRACK_METRIC"
      }
    },
    {
      "type": "Feature",
      "id": "0012_2010.jpg_tgt-13",
      "geometry": {
        "type": "Point",
        "coordinates": [
          5.18,
          -38.67
        ]
      },
      "properties": {
        "image_name": "0012_2010.jpg",
        "target_id": "tgt-13",
        "class_name": "submarine_pipeline",
        "confidence_ai": 0.9028,
        "confidence_final": 0.9028,
        "hazard_risk": "HIGH",
        "shadow_evidence": "NEUTRAL",
        "review_status": "UNVERIFIED",
        "length_m": 11.6,
        "width_m": 0.9,
        "area_m2": 10.44,
        "relief_height_m": 4.04,
        "bbox": [
          544.0,
          774.0,
          586.0,
          1024.0
        ],
        "coordinate_frame": "LOCAL_TRACK_METRIC"
      }
    },
    {
      "type": "Feature",
      "id": "0012_2010.jpg_tgt-14",
      "geometry": {
        "type": "Point",
        "coordinates": [
          4.88,
          -6.05
        ]
      },
      "properties": {
        "image_name": "0012_2010.jpg",
        "target_id": "tgt-14",
        "class_name": "submarine_pipeline",
        "confidence_ai": 0.8707,
        "confidence_final": 0.7707,
        "hazard_risk": "HIGH",
        "shadow_evidence": "ABSENT",
        "review_status": "FLAGGED_FOR_REVIEW",
        "length_m": 19.0,
        "width_m": 0.8,
        "area_m2": 15.2,
        "relief_height_m": 3.92,
        "bbox": [
          542.0,
          354.0,
          582.0,
          794.0
        ],
        "coordinate_frame": "LOCAL_TRACK_METRIC"
      }
    },
    {
      "type": "Feature",
      "id": "0012_2010.jpg_tgt-15",
      "geometry": {
        "type": "Point",
        "coordinates": [
          19.68,
          -35.69
        ]
      },
      "properties": {
        "image_name": "0012_2010.jpg",
        "target_id": "tgt-15",
        "class_name": "crab_pot",
        "confidence_ai": 0.8479,
        "confidence_final": 0.8479,
        "hazard_risk": "LOW",
        "shadow_evidence": "NEUTRAL",
        "review_status": "UNVERIFIED",
        "length_m": 0.85,
        "width_m": 0.85,
        "area_m2": 0.72,
        "relief_height_m": 0.27,
        "bbox": [
          693.0,
          857.0,
          734.0,
          898.0
        ],
        "coordinate_frame": "LOCAL_TRACK_METRIC"
      }
    },
    {
      "type": "Feature",
      "id": "0015_2021.jpg_tgt-01",
      "geometry": {
        "type": "Point",
        "coordinates": [
          -32.81,
          31.73
        ]
      },
      "properties": {
        "image_name": "0015_2021.jpg",
        "target_id": "tgt-01",
        "class_name": "mine_cylinder",
        "confidence_ai": 0.5367,
        "confidence_final": 0.5367,
        "hazard_risk": "CRITICAL",
        "shadow_evidence": "NEUTRAL",
        "review_status": "UNVERIFIED",
        "length_m": 0.8,
        "width_m": 1.75,
        "area_m2": 1.4,
        "relief_height_m": 0.64,
        "bbox": [
          42.0,
          56.0,
          101.0,
          96.0
        ],
        "coordinate_frame": "LOCAL_TRACK_METRIC"
      }
    },
    {
      "type": "Feature",
      "id": "baycove_03_14_png_jpg.rf.ecb269edb9fe893f9c96ace8e2bc2e3f.jpg_tgt-01",
      "geometry": {
        "type": "Point",
        "coordinates": [
          32.97,
          -49.14
        ]
      },
      "properties": {
        "image_name": "baycove_03_14_png_jpg.rf.ecb269edb9fe893f9c96ace8e2bc2e3f.jpg",
        "target_id": "tgt-01",
        "class_name": "crab_pot",
        "confidence_ai": 0.96,
        "confidence_final": 0.96,
        "hazard_risk": "LOW",
        "shadow_evidence": "NEUTRAL",
        "review_status": "UNVERIFIED",
        "length_m": 0.55,
        "width_m": 0.7,
        "area_m2": 0.39,
        "relief_height_m": 0.3,
        "bbox": [
          512.0,
          617.0,
          550.0,
          640.0
        ],
        "coordinate_frame": "LOCAL_TRACK_METRIC"
      }
    },
    {
      "type": "Feature",
      "id": "baycove_03_14_png_jpg.rf.ecb269edb9fe893f9c96ace8e2bc2e3f.jpg_tgt-02",
      "geometry": {
        "type": "Point",
        "coordinates": [
          48.44,
          -42.81
        ]
      },
      "properties": {
        "image_name": "baycove_03_14_png_jpg.rf.ecb269edb9fe893f9c96ace8e2bc2e3f.jpg",
        "target_id": "tgt-02",
        "class_name": "crab_pot",
        "confidence_ai": 0.96,
        "confidence_final": 0.96,
        "hazard_risk": "LOW",
        "shadow_evidence": "NEUTRAL",
        "review_status": "UNVERIFIED",
        "length_m": 1.1,
        "width_m": 1.0,
        "area_m2": 1.1,
        "relief_height_m": 0.5,
        "bbox": [
          608.0,
          571.0,
          640.0,
          617.0
        ],
        "coordinate_frame": "LOCAL_TRACK_METRIC"
      }
    },
    {
      "type": "Feature",
      "id": "baycove_03_14_png_jpg.rf.ecb269edb9fe893f9c96ace8e2bc2e3f.jpg_tgt-03",
      "geometry": {
        "type": "Point",
        "coordinates": [
          44.14,
          -26.33
        ]
      },
      "properties": {
        "image_name": "baycove_03_14_png_jpg.rf.ecb269edb9fe893f9c96ace8e2bc2e3f.jpg",
        "target_id": "tgt-03",
        "class_name": "crab_pot",
        "confidence_ai": 0.96,
        "confidence_final": 0.96,
        "hazard_risk": "LOW",
        "shadow_evidence": "NEUTRAL",
        "review_status": "UNVERIFIED",
        "length_m": 0.75,
        "width_m": 0.75,
        "area_m2": 0.56,
        "relief_height_m": 0.08,
        "bbox": [
          583.0,
          469.0,
          622.0,
          508.0
        ],
        "coordinate_frame": "LOCAL_TRACK_METRIC"
      }
    },
    {
      "type": "Feature",
      "id": "baycove_03_14_png_jpg.rf.ecb269edb9fe893f9c96ace8e2bc2e3f.jpg_tgt-04",
      "geometry": {
        "type": "Point",
        "coordinates": [
          46.72,
          -23.98
        ]
      },
      "properties": {
        "image_name": "baycove_03_14_png_jpg.rf.ecb269edb9fe893f9c96ace8e2bc2e3f.jpg",
        "target_id": "tgt-04",
        "class_name": "crab_pot",
        "confidence_ai": 0.96,
        "confidence_final": 0.96,
        "hazard_risk": "LOW",
        "shadow_evidence": "NEUTRAL",
        "review_status": "UNVERIFIED",
        "length_m": 0.55,
        "width_m": 0.7,
        "area_m2": 0.39,
        "relief_height_m": 0.03,
        "bbox": [
          600.0,
          456.0,
          638.0,
          491.0
        ],
        "coordinate_frame": "LOCAL_TRACK_METRIC"
      }
    },
    {
      "type": "Feature",
      "id": "baycove_03_14_png_jpg.rf.ecb269edb9fe893f9c96ace8e2bc2e3f.jpg_tgt-05",
      "geometry": {
        "type": "Point",
        "coordinates": [
          40.0,
          -17.5
        ]
      },
      "properties": {
        "image_name": "baycove_03_14_png_jpg.rf.ecb269edb9fe893f9c96ace8e2bc2e3f.jpg",
        "target_id": "tgt-05",
        "class_name": "crab_pot",
        "confidence_ai": 0.96,
        "confidence_final": 0.96,
        "hazard_risk": "LOW",
        "shadow_evidence": "NEUTRAL",
        "review_status": "UNVERIFIED",
        "length_m": 0.6,
        "width_m": 0.7,
        "area_m2": 0.42,
        "relief_height_m": 0.06,
        "bbox": [
          557.0,
          414.0,
          595.0,
          450.0
        ],
        "coordinate_frame": "LOCAL_TRACK_METRIC"
      }
    },
    {
      "type": "Feature",
      "id": "baycove_03_14_png_jpg.rf.ecb269edb9fe893f9c96ace8e2bc2e3f.jpg_tgt-06",
      "geometry": {
        "type": "Point",
        "coordinates": [
          40.31,
          -9.3
        ]
      },
      "properties": {
        "image_name": "baycove_03_14_png_jpg.rf.ecb269edb9fe893f9c96ace8e2bc2e3f.jpg",
        "target_id": "tgt-06",
        "class_name": "crab_pot",
        "confidence_ai": 0.96,
        "confidence_final": 0.96,
        "hazard_risk": "LOW",
        "shadow_evidence": "NEUTRAL",
        "review_status": "UNVERIFIED",
        "length_m": 0.65,
        "width_m": 0.5,
        "area_m2": 0.33,
        "relief_height_m": 0.3,
        "bbox": [
          561.0,
          361.0,
          595.0,
          398.0
        ],
        "coordinate_frame": "LOCAL_TRACK_METRIC"
      }
    },
    {
      "type": "Feature",
      "id": "baycove_03_14_png_jpg.rf.ecb269edb9fe893f9c96ace8e2bc2e3f.jpg_tgt-07",
      "geometry": {
        "type": "Point",
        "coordinates": [
          44.77,
          -8.59
        ]
      },
      "properties": {
        "image_name": "baycove_03_14_png_jpg.rf.ecb269edb9fe893f9c96ace8e2bc2e3f.jpg",
        "target_id": "tgt-07",
        "class_name": "crab_pot",
        "confidence_ai": 0.96,
        "confidence_final": 0.96,
        "hazard_risk": "LOW",
        "shadow_evidence": "NEUTRAL",
        "review_status": "UNVERIFIED",
        "length_m": 0.7,
        "width_m": 0.55,
        "area_m2": 0.39,
        "relief_height_m": 0.71,
        "bbox": [
          589.0,
          356.0,
          624.0,
          394.0
        ],
        "coordinate_frame": "LOCAL_TRACK_METRIC"
      }
    },
    {
      "type": "Feature",
      "id": "baycove_03_14_png_jpg.rf.ecb269edb9fe893f9c96ace8e2bc2e3f.jpg_tgt-08",
      "geometry": {
        "type": "Point",
        "coordinates": [
          35.08,
          -4.37
        ]
      },
      "properties": {
        "image_name": "baycove_03_14_png_jpg.rf.ecb269edb9fe893f9c96ace8e2bc2e3f.jpg",
        "target_id": "tgt-08",
        "class_name": "ghost_net",
        "confidence_ai": 0.96,
        "confidence_final": 0.96,
        "hazard_risk": "MEDIUM",
        "shadow_evidence": "NEUTRAL",
        "review_status": "UNVERIFIED",
        "length_m": 0.8,
        "width_m": 0.55,
        "area_m2": 0.44,
        "relief_height_m": 0.83,
        "bbox": [
          527.0,
          328.0,
          562.0,
          368.0
        ],
        "coordinate_frame": "LOCAL_TRACK_METRIC"
      }
    },
    {
      "type": "Feature",
      "id": "baycove_03_14_png_jpg.rf.f71de09bd762d6bda89fe0612cc6d776.jpg_tgt-01",
      "geometry": {
        "type": "Point",
        "coordinates": [
          48.44,
          -43.75
        ]
      },
      "properties": {
        "image_name": "baycove_03_14_png_jpg.rf.f71de09bd762d6bda89fe0612cc6d776.jpg",
        "target_id": "tgt-01",
        "class_name": "ghost_net",
        "confidence_ai": 0.96,
        "confidence_final": 0.96,
        "hazard_risk": "MEDIUM",
        "shadow_evidence": "NEUTRAL",
        "review_status": "UNVERIFIED",
        "length_m": 2.2,
        "width_m": 1.0,
        "area_m2": 2.2,
        "relief_height_m": 0.5,
        "bbox": [
          608.0,
          566.0,
          640.0,
          634.0
        ],
        "coordinate_frame": "LOCAL_TRACK_METRIC"
      }
    },
    {
      "type": "Feature",
      "id": "baycove_03_14_png_jpg.rf.f71de09bd762d6bda89fe0612cc6d776.jpg_tgt-02",
      "geometry": {
        "type": "Point",
        "coordinates": [
          46.95,
          -11.64
        ]
      },
      "properties": {
        "image_name": "baycove_03_14_png_jpg.rf.f71de09bd762d6bda89fe0612cc6d776.jpg",
        "target_id": "tgt-02",
        "class_name": "crab_pot",
        "confidence_ai": 0.96,
        "confidence_final": 0.96,
        "hazard_risk": "LOW",
        "shadow_evidence": "NEUTRAL",
        "review_status": "UNVERIFIED",
        "length_m": 0.75,
        "width_m": 0.75,
        "area_m2": 0.56,
        "relief_height_m": 0.18,
        "bbox": [
          601.0,
          375.0,
          640.0,
          414.0
        ],
        "coordinate_frame": "LOCAL_TRACK_METRIC"
      }
    },
    {
      "type": "Feature",
      "id": "baycove_03_14_png_jpg.rf.f71de09bd762d6bda89fe0612cc6d776.jpg_tgt-03",
      "geometry": {
        "type": "Point",
        "coordinates": [
          37.66,
          -2.03
        ]
      },
      "properties": {
        "image_name": "baycove_03_14_png_jpg.rf.f71de09bd762d6bda89fe0612cc6d776.jpg",
        "target_id": "tgt-03",
        "class_name": "crab_pot",
        "confidence_ai": 0.9584,
        "confidence_final": 0.9584,
        "hazard_risk": "LOW",
        "shadow_evidence": "NEUTRAL",
        "review_status": "UNVERIFIED",
        "length_m": 0.7,
        "width_m": 0.5,
        "area_m2": 0.35,
        "relief_height_m": 0.58,
        "bbox": [
          544.0,
          314.0,
          578.0,
          352.0
        ],
        "coordinate_frame": "LOCAL_TRACK_METRIC"
      }
    },
    {
      "type": "Feature",
      "id": "baycove_03_14_png_jpg.rf.f71de09bd762d6bda89fe0612cc6d776.jpg_tgt-04",
      "geometry": {
        "type": "Point",
        "coordinates": [
          45.7,
          -7.34
        ]
      },
      "properties": {
        "image_name": "baycove_03_14_png_jpg.rf.f71de09bd762d6bda89fe0612cc6d776.jpg",
        "target_id": "tgt-04",
        "class_name": "ghost_net",
        "confidence_ai": 0.9354,
        "confidence_final": 0.9354,
        "hazard_risk": "MEDIUM",
        "shadow_evidence": "NEUTRAL",
        "review_status": "UNVERIFIED",
        "length_m": 0.8,
        "width_m": 0.55,
        "area_m2": 0.44,
        "relief_height_m": 0.32,
        "bbox": [
          595.0,
          347.0,
          630.0,
          387.0
        ],
        "coordinate_frame": "LOCAL_TRACK_METRIC"
      }
    },
    {
      "type": "Feature",
      "id": "baycove_03_14_png_jpg.rf.f71de09bd762d6bda89fe0612cc6d776.jpg_tgt-05",
      "geometry": {
        "type": "Point",
        "coordinates": [
          43.52,
          -14.61
        ]
      },
      "properties": {
        "image_name": "baycove_03_14_png_jpg.rf.f71de09bd762d6bda89fe0612cc6d776.jpg",
        "target_id": "tgt-05",
        "class_name": "crab_pot",
        "confidence_ai": 0.9229,
        "confidence_final": 0.9229,
        "hazard_risk": "LOW",
        "shadow_evidence": "NEUTRAL",
        "review_status": "UNVERIFIED",
        "length_m": 0.55,
        "width_m": 0.65,
        "area_m2": 0.36,
        "relief_height_m": 0.36,
        "bbox": [
          580.0,
          396.0,
          617.0,
          431.0
        ],
        "coordinate_frame": "LOCAL_TRACK_METRIC"
      }
    },
    {
      "type": "Feature",
      "id": "baycove_03_14_png_jpg.rf.f71de09bd762d6bda89fe0612cc6d776.jpg_tgt-06",
      "geometry": {
        "type": "Point",
        "coordinates": [
          47.58,
          -19.45
        ]
      },
      "properties": {
        "image_name": "baycove_03_14_png_jpg.rf.f71de09bd762d6bda89fe0612cc6d776.jpg",
        "target_id": "tgt-06",
        "class_name": "ghost_net",
        "confidence_ai": 0.8901,
        "confidence_final": 0.8901,
        "hazard_risk": "MEDIUM",
        "shadow_evidence": "NEUTRAL",
        "review_status": "UNVERIFIED",
        "length_m": 1.15,
        "width_m": 0.75,
        "area_m2": 0.86,
        "relief_height_m": 0.3,
        "bbox": [
          605.0,
          421.0,
          640.0,
          468.0
        ],
        "coordinate_frame": "LOCAL_TRACK_METRIC"
      }
    },
    {
      "type": "Feature",
      "id": "baycove_03_14_png_jpg.rf.f71de09bd762d6bda89fe0612cc6d776.jpg_tgt-07",
      "geometry": {
        "type": "Point",
        "coordinates": [
          47.11,
          -13.28
        ]
      },
      "properties": {
        "image_name": "baycove_03_14_png_jpg.rf.f71de09bd762d6bda89fe0612cc6d776.jpg",
        "target_id": "tgt-07",
        "class_name": "ghost_net",
        "confidence_ai": 0.8891,
        "confidence_final": 0.8891,
        "hazard_risk": "MEDIUM",
        "shadow_evidence": "NEUTRAL",
        "review_status": "UNVERIFIED",
        "length_m": 0.5,
        "width_m": 0.75,
        "area_m2": 0.38,
        "relief_height_m": 0.23,
        "bbox": [
          602.0,
          388.0,
          640.0,
          422.0
        ],
        "coordinate_frame": "LOCAL_TRACK_METRIC"
      }
    },
    {
      "type": "Feature",
      "id": "baycove_03_14_png_jpg.rf.f71de09bd762d6bda89fe0612cc6d776.jpg_tgt-08",
      "geometry": {
        "type": "Point",
        "coordinates": [
          47.5,
          -7.34
        ]
      },
      "properties": {
        "image_name": "baycove_03_14_png_jpg.rf.f71de09bd762d6bda89fe0612cc6d776.jpg",
        "target_id": "tgt-08",
        "class_name": "crab_pot",
        "confidence_ai": 0.8737,
        "confidence_final": 0.8737,
        "hazard_risk": "LOW",
        "shadow_evidence": "NEUTRAL",
        "review_status": "UNVERIFIED",
        "length_m": 0.8,
        "width_m": 0.6,
        "area_m2": 0.48,
        "relief_height_m": 0.05,
        "bbox": [
          606.0,
          347.0,
          640.0,
          387.0
        ],
        "coordinate_frame": "LOCAL_TRACK_METRIC"
      }
    },
    {
      "type": "Feature",
      "id": "baycove_03_15_png_jpg.rf.2e7216d4273f3e6c11928ab24b606590.jpg_tgt-01",
      "geometry": {
        "type": "Point",
        "coordinates": [
          -16.33,
          32.11
        ]
      },
      "properties": {
        "image_name": "baycove_03_15_png_jpg.rf.2e7216d4273f3e6c11928ab24b606590.jpg",
        "target_id": "tgt-01",
        "class_name": "crab_pot",
        "confidence_ai": 0.5904,
        "confidence_final": 0.5904,
        "hazard_risk": "LOW",
        "shadow_evidence": "NEUTRAL",
        "review_status": "UNVERIFIED",
        "length_m": 0.75,
        "width_m": 0.95,
        "area_m2": 0.71,
        "relief_height_m": 0.43,
        "bbox": [
          194.0,
          95.0,
          237.0,
          134.0
        ],
        "coordinate_frame": "LOCAL_TRACK_METRIC"
      }
    },
    {
      "type": "Feature",
      "id": "baycove_03_15_png_jpg.rf.2e7216d4273f3e6c11928ab24b606590.jpg_tgt-02",
      "geometry": {
        "type": "Point",
        "coordinates": [
          5.55,
          9.06
        ]
      },
      "properties": {
        "image_name": "baycove_03_15_png_jpg.rf.2e7216d4273f3e6c11928ab24b606590.jpg",
        "target_id": "tgt-02",
        "class_name": "crab_pot",
        "confidence_ai": 0.4551,
        "confidence_final": 0.4551,
        "hazard_risk": "LOW",
        "shadow_evidence": "NEUTRAL",
        "review_status": "UNVERIFIED",
        "length_m": 0.9,
        "width_m": 1.05,
        "area_m2": 0.95,
        "relief_height_m": 1.78,
        "bbox": [
          333.0,
          241.0,
          378.0,
          283.0
        ],
        "coordinate_frame": "LOCAL_TRACK_METRIC"
      }
    },
    {
      "type": "Feature",
      "id": "baycove_03_15_png_jpg.rf.2e7216d4273f3e6c11928ab24b606590.jpg_tgt-03",
      "geometry": {
        "type": "Point",
        "coordinates": [
          3.67,
          34.38
        ]
      },
      "properties": {
        "image_name": "baycove_03_15_png_jpg.rf.2e7216d4273f3e6c11928ab24b606590.jpg",
        "target_id": "tgt-03",
        "class_name": "crab_pot",
        "confidence_ai": 0.4066,
        "confidence_final": 0.4066,
        "hazard_risk": "LOW",
        "shadow_evidence": "NEUTRAL",
        "review_status": "UNVERIFIED",
        "length_m": 0.8,
        "width_m": 0.95,
        "area_m2": 0.76,
        "relief_height_m": 1.87,
        "bbox": [
          322.0,
          80.0,
          365.0,
          120.0
        ],
        "coordinate_frame": "LOCAL_TRACK_METRIC"
      }
    },
    {
      "type": "Feature",
      "id": "baycove_03_15_png_jpg.rf.2e7216d4273f3e6c11928ab24b606590.jpg_tgt-04",
      "geometry": {
        "type": "Point",
        "coordinates": [
          -33.83,
          46.41
        ]
      },
      "properties": {
        "image_name": "baycove_03_15_png_jpg.rf.2e7216d4273f3e6c11928ab24b606590.jpg",
        "target_id": "tgt-04",
        "class_name": "crab_pot",
        "confidence_ai": 0.2753,
        "confidence_final": 0.3553,
        "hazard_risk": "LOW",
        "shadow_evidence": "SUPPORTING",
        "review_status": "VERIFIED_3D",
        "length_m": 2.3,
        "width_m": 2.75,
        "area_m2": 6.32,
        "relief_height_m": 1.84,
        "bbox": [
          64.0,
          0.0,
          143.0,
          58.0
        ],
        "coordinate_frame": "LOCAL_TRACK_METRIC"
      }
    },
    {
      "type": "Feature",
      "id": "baycove_03_15_png_jpg.rf.2e7216d4273f3e6c11928ab24b606590.jpg_tgt-05",
      "geometry": {
        "type": "Point",
        "coordinates": [
          -35.08,
          45.78
        ]
      },
      "properties": {
        "image_name": "baycove_03_15_png_jpg.rf.2e7216d4273f3e6c11928ab24b606590.jpg",
        "target_id": "tgt-05",
        "class_name": "crab_pot",
        "confidence_ai": 0.272,
        "confidence_final": 0.352,
        "hazard_risk": "LOW",
        "shadow_evidence": "SUPPORTING",
        "review_status": "VERIFIED_3D",
        "length_m": 1.0,
        "width_m": 1.05,
        "area_m2": 1.05,
        "relief_height_m": 1.75,
        "bbox": [
          73.0,
          5.0,
          118.0,
          49.0
        ],
        "coordinate_frame": "LOCAL_TRACK_METRIC"
      }
    },
    {
      "type": "Feature",
      "id": "baycove_03_15_png_jpg.rf.5b00ae977dc818589fc0ca0e5ca74765.jpg_tgt-01",
      "geometry": {
        "type": "Point",
        "coordinates": [
          -2.89,
          3.52
        ]
      },
      "properties": {
        "image_name": "baycove_03_15_png_jpg.rf.5b00ae977dc818589fc0ca0e5ca74765.jpg",
        "target_id": "tgt-01",
        "class_name": "crab_pot",
        "confidence_ai": 0.5861,
        "confidence_final": 0.5861,
        "hazard_risk": "LOW",
        "shadow_evidence": "NEUTRAL",
        "review_status": "UNVERIFIED",
        "length_m": 0.95,
        "width_m": 1.25,
        "area_m2": 1.19,
        "relief_height_m": 2.15,
        "bbox": [
          277.0,
          276.0,
          326.0,
          319.0
        ],
        "coordinate_frame": "LOCAL_TRACK_METRIC"
      }
    },
    {
      "type": "Feature",
      "id": "baycove_03_15_png_jpg.rf.5b00ae977dc818589fc0ca0e5ca74765.jpg_tgt-02",
      "geometry": {
        "type": "Point",
        "coordinates": [
          16.17,
          -25.31
        ]
      },
      "properties": {
        "image_name": "baycove_03_15_png_jpg.rf.5b00ae977dc818589fc0ca0e5ca74765.jpg",
        "target_id": "tgt-02",
        "class_name": "crab_pot",
        "confidence_ai": 0.4801,
        "confidence_final": 0.4801,
        "hazard_risk": "LOW",
        "shadow_evidence": "NEUTRAL",
        "review_status": "UNVERIFIED",
        "length_m": 0.9,
        "width_m": 0.85,
        "area_m2": 0.77,
        "relief_height_m": 0.44,
        "bbox": [
          403.0,
          461.0,
          444.0,
          503.0
        ],
        "coordinate_frame": "LOCAL_TRACK_METRIC"
      }
    },
    {
      "type": "Feature",
      "id": "baycove_03_15_png_jpg.rf.5b00ae977dc818589fc0ca0e5ca74765.jpg_tgt-03",
      "geometry": {
        "type": "Point",
        "coordinates": [
          -6.09,
          -24.45
        ]
      },
      "properties": {
        "image_name": "baycove_03_15_png_jpg.rf.5b00ae977dc818589fc0ca0e5ca74765.jpg",
        "target_id": "tgt-03",
        "class_name": "crab_pot",
        "confidence_ai": 0.3711,
        "confidence_final": 0.3711,
        "hazard_risk": "LOW",
        "shadow_evidence": "NEUTRAL",
        "review_status": "UNVERIFIED",
        "length_m": 1.15,
        "width_m": 1.3,
        "area_m2": 1.49,
        "relief_height_m": 1.36,
        "bbox": [
          256.0,
          453.0,
          306.0,
          500.0
        ],
        "coordinate_frame": "LOCAL_TRACK_METRIC"
      }
    },
    {
      "type": "Feature",
      "id": "baycove_03_15_png_jpg.rf.86db284df93a246f0a9897e59914802c.jpg_tgt-01",
      "geometry": {
        "type": "Point",
        "coordinates": [
          -2.66,
          1.02
        ]
      },
      "properties": {
        "image_name": "baycove_03_15_png_jpg.rf.86db284df93a246f0a9897e59914802c.jpg",
        "target_id": "tgt-01",
        "class_name": "crab_pot",
        "confidence_ai": 0.6533,
        "confidence_final": 0.6533,
        "hazard_risk": "LOW",
        "shadow_evidence": "NEUTRAL",
        "review_status": "UNVERIFIED",
        "length_m": 0.85,
        "width_m": 1.1,
        "area_m2": 0.94,
        "relief_height_m": 2.77,
        "bbox": [
          280.0,
          293.0,
          326.0,
          334.0
        ],
        "coordinate_frame": "LOCAL_TRACK_METRIC"
      }
    },
    {
      "type": "Feature",
      "id": "baycove_03_15_png_jpg.rf.86db284df93a246f0a9897e59914802c.jpg_tgt-02",
      "geometry": {
        "type": "Point",
        "coordinates": [
          0.62,
          -27.03
        ]
      },
      "properties": {
        "image_name": "baycove_03_15_png_jpg.rf.86db284df93a246f0a9897e59914802c.jpg",
        "target_id": "tgt-02",
        "class_name": "crab_pot",
        "confidence_ai": 0.3475,
        "confidence_final": 0.3475,
        "hazard_risk": "LOW",
        "shadow_evidence": "NEUTRAL",
        "review_status": "UNVERIFIED",
        "length_m": 0.8,
        "width_m": 0.9,
        "area_m2": 0.72,
        "relief_height_m": 5.09,
        "bbox": [
          303.0,
          473.0,
          345.0,
          513.0
        ],
        "coordinate_frame": "LOCAL_TRACK_METRIC"
      }
    },
    {
      "type": "Feature",
      "id": "baycove_03_15_png_jpg.rf.86db284df93a246f0a9897e59914802c.jpg_tgt-03",
      "geometry": {
        "type": "Point",
        "coordinates": [
          45.55,
          -40.31
        ]
      },
      "properties": {
        "image_name": "baycove_03_15_png_jpg.rf.86db284df93a246f0a9897e59914802c.jpg",
        "target_id": "tgt-03",
        "class_name": "crab_pot",
        "confidence_ai": 0.2847,
        "confidence_final": 0.2847,
        "hazard_risk": "LOW",
        "shadow_evidence": "NEUTRAL",
        "review_status": "UNVERIFIED",
        "length_m": 3.7,
        "width_m": 2.65,
        "area_m2": 9.8,
        "relief_height_m": 0.05,
        "bbox": [
          573.0,
          529.0,
          640.0,
          627.0
        ],
        "coordinate_frame": "LOCAL_TRACK_METRIC"
      }
    },
    {
      "type": "Feature",
      "id": "baycove_03_15_png_jpg.rf.86db284df93a246f0a9897e59914802c.jpg_tgt-04",
      "geometry": {
        "type": "Point",
        "coordinates": [
          22.58,
          -22.19
        ]
      },
      "properties": {
        "image_name": "baycove_03_15_png_jpg.rf.86db284df93a246f0a9897e59914802c.jpg",
        "target_id": "tgt-04",
        "class_name": "crab_pot",
        "confidence_ai": 0.231,
        "confidence_final": 0.231,
        "hazard_risk": "LOW",
        "shadow_evidence": "NEUTRAL",
        "review_status": "UNVERIFIED",
        "length_m": 0.8,
        "width_m": 0.85,
        "area_m2": 0.68,
        "relief_height_m": 0.37,
        "bbox": [
          444.0,
          442.0,
          485.0,
          482.0
        ],
        "coordinate_frame": "LOCAL_TRACK_METRIC"
      }
    },
    {
      "type": "Feature",
      "id": "baycove_03_15_png_jpg.rf.86db284df93a246f0a9897e59914802c.jpg_tgt-05",
      "geometry": {
        "type": "Point",
        "coordinates": [
          23.52,
          -24.22
        ]
      },
      "properties": {
        "image_name": "baycove_03_15_png_jpg.rf.86db284df93a246f0a9897e59914802c.jpg",
        "target_id": "tgt-05",
        "class_name": "crab_pot",
        "confidence_ai": 0.2014,
        "confidence_final": 0.2014,
        "hazard_risk": "LOW",
        "shadow_evidence": "NEUTRAL",
        "review_status": "UNVERIFIED",
        "length_m": 2.6,
        "width_m": 2.35,
        "area_m2": 6.11,
        "relief_height_m": 0.73,
        "bbox": [
          435.0,
          437.0,
          506.0,
          513.0
        ],
        "coordinate_frame": "LOCAL_TRACK_METRIC"
      }
    },
    {
      "type": "Feature",
      "id": "baycove_03_15_png_jpg.rf.86db284df93a246f0a9897e59914802c.jpg_tgt-06",
      "geometry": {
        "type": "Point",
        "coordinates": [
          45.63,
          -37.19
        ]
      },
      "properties": {
        "image_name": "baycove_03_15_png_jpg.rf.86db284df93a246f0a9897e59914802c.jpg",
        "target_id": "tgt-06",
        "class_name": "crab_pot",
        "confidence_ai": 0.1901,
        "confidence_final": 0.1901,
        "hazard_risk": "LOW",
        "shadow_evidence": "NEUTRAL",
        "review_status": "UNVERIFIED",
        "length_m": 1.1,
        "width_m": 1.2,
        "area_m2": 1.32,
        "relief_height_m": 0.42,
        "bbox": [
          588.0,
          535.0,
          636.0,
          581.0
        ],
        "coordinate_frame": "LOCAL_TRACK_METRIC"
      }
    },
    {
      "type": "Feature",
      "id": "baycove_03_17_png_jpg.rf.5da5401f54a8a96cb1141761ad3959e2.jpg_tgt-01",
      "geometry": {
        "type": "Point",
        "coordinates": [
          -35.0,
          38.44
        ]
      },
      "properties": {
        "image_name": "baycove_03_17_png_jpg.rf.5da5401f54a8a96cb1141761ad3959e2.jpg",
        "target_id": "tgt-01",
        "class_name": "crab_pot",
        "confidence_ai": 0.6124,
        "confidence_final": 0.6924,
        "hazard_risk": "LOW",
        "shadow_evidence": "SUPPORTING",
        "review_status": "VERIFIED_3D",
        "length_m": 0.9,
        "width_m": 1.1,
        "area_m2": 0.99,
        "relief_height_m": 0.28,
        "bbox": [
          73.0,
          53.0,
          119.0,
          95.0
        ],
        "coordinate_frame": "LOCAL_TRACK_METRIC"
      }
    },
    {
      "type": "Feature",
      "id": "baycove_03_17_png_jpg.rf.5da5401f54a8a96cb1141761ad3959e2.jpg_tgt-02",
      "geometry": {
        "type": "Point",
        "coordinates": [
          -3.12,
          -25.55
        ]
      },
      "properties": {
        "image_name": "baycove_03_17_png_jpg.rf.5da5401f54a8a96cb1141761ad3959e2.jpg",
        "target_id": "tgt-02",
        "class_name": "crab_pot",
        "confidence_ai": 0.4818,
        "confidence_final": 0.5618,
        "hazard_risk": "LOW",
        "shadow_evidence": "SUPPORTING",
        "review_status": "VERIFIED_3D",
        "length_m": 0.95,
        "width_m": 1.0,
        "area_m2": 0.95,
        "relief_height_m": 5.97,
        "bbox": [
          278.0,
          462.0,
          322.0,
          505.0
        ],
        "coordinate_frame": "LOCAL_TRACK_METRIC"
      }
    },
    {
      "type": "Feature",
      "id": "baycove_03_17_png_jpg.rf.5da5401f54a8a96cb1141761ad3959e2.jpg_tgt-03",
      "geometry": {
        "type": "Point",
        "coordinates": [
          -5.23,
          -32.19
        ]
      },
      "properties": {
        "image_name": "baycove_03_17_png_jpg.rf.5da5401f54a8a96cb1141761ad3959e2.jpg",
        "target_id": "tgt-03",
        "class_name": "crab_pot",
        "confidence_ai": 0.4245,
        "confidence_final": 0.4245,
        "hazard_risk": "LOW",
        "shadow_evidence": "NEUTRAL",
        "review_status": "UNVERIFIED",
        "length_m": 0.9,
        "width_m": 1.25,
        "area_m2": 1.12,
        "relief_height_m": 4.0,
        "bbox": [
          262.0,
          505.0,
          311.0,
          547.0
        ],
        "coordinate_frame": "LOCAL_TRACK_METRIC"
      }
    },
    {
      "type": "Feature",
      "id": "baycove_03_17_png_jpg.rf.5da5401f54a8a96cb1141761ad3959e2.jpg_tgt-04",
      "geometry": {
        "type": "Point",
        "coordinates": [
          -0.39,
          -1.88
        ]
      },
      "properties": {
        "image_name": "baycove_03_17_png_jpg.rf.5da5401f54a8a96cb1141761ad3959e2.jpg",
        "target_id": "tgt-04",
        "class_name": "crab_pot",
        "confidence_ai": 0.3994,
        "confidence_final": 0.3994,
        "hazard_risk": "LOW",
        "shadow_evidence": "NEUTRAL",
        "review_status": "UNVERIFIED",
        "length_m": 0.7,
        "width_m": 0.65,
        "area_m2": 0.45,
        "relief_height_m": 5.0,
        "bbox": [
          299.0,
          313.0,
          336.0,
          351.0
        ],
        "coordinate_frame": "LOCAL_TRACK_METRIC"
      }
    },
    {
      "type": "Feature",
      "id": "baycove_03_17_png_jpg.rf.5da5401f54a8a96cb1141761ad3959e2.jpg_tgt-05",
      "geometry": {
        "type": "Point",
        "coordinates": [
          -33.83,
          47.11
        ]
      },
      "properties": {
        "image_name": "baycove_03_17_png_jpg.rf.5da5401f54a8a96cb1141761ad3959e2.jpg",
        "target_id": "tgt-05",
        "class_name": "crab_pot",
        "confidence_ai": 0.3807,
        "confidence_final": 0.4607,
        "hazard_risk": "LOW",
        "shadow_evidence": "SUPPORTING",
        "review_status": "VERIFIED_3D",
        "length_m": 0.85,
        "width_m": 1.15,
        "area_m2": 0.98,
        "relief_height_m": 0.45,
        "bbox": [
          80.0,
          0.0,
          127.0,
          39.0
        ],
        "coordinate_frame": "LOCAL_TRACK_METRIC"
      }
    },
    {
      "type": "Feature",
      "id": "baycove_03_17_png_jpg.rf.5da5401f54a8a96cb1141761ad3959e2.jpg_tgt-06",
      "geometry": {
        "type": "Point",
        "coordinates": [
          -32.34,
          34.77
        ]
      },
      "properties": {
        "image_name": "baycove_03_17_png_jpg.rf.5da5401f54a8a96cb1141761ad3959e2.jpg",
        "target_id": "tgt-06",
        "class_name": "crab_pot",
        "confidence_ai": 0.2081,
        "confidence_final": 0.2081,
        "hazard_risk": "LOW",
        "shadow_evidence": "NEUTRAL",
        "review_status": "UNVERIFIED",
        "length_m": 0.85,
        "width_m": 0.9,
        "area_m2": 0.77,
        "relief_height_m": 0.26,
        "bbox": [
          92.0,
          77.0,
          134.0,
          118.0
        ],
        "coordinate_frame": "LOCAL_TRACK_METRIC"
      }
    },
    {
      "type": "Feature",
      "id": "baycove_03_17_png_jpg.rf.600c1b3ed8ede55291f5cbcebf8f86f6.jpg_tgt-01",
      "geometry": {
        "type": "Point",
        "coordinates": [
          38.59,
          -26.64
        ]
      },
      "properties": {
        "image_name": "baycove_03_17_png_jpg.rf.600c1b3ed8ede55291f5cbcebf8f86f6.jpg",
        "target_id": "tgt-01",
        "class_name": "crab_pot",
        "confidence_ai": 0.6808,
        "confidence_final": 0.6808,
        "hazard_risk": "LOW",
        "shadow_evidence": "NEUTRAL",
        "review_status": "UNVERIFIED",
        "length_m": 0.65,
        "width_m": 0.7,
        "area_m2": 0.45,
        "relief_height_m": 0.22,
        "bbox": [
          548.0,
          472.0,
          586.0,
          509.0
        ],
        "coordinate_frame": "LOCAL_TRACK_METRIC"
      }
    },
    {
      "type": "Feature",
      "id": "baycove_03_17_png_jpg.rf.600c1b3ed8ede55291f5cbcebf8f86f6.jpg_tgt-02",
      "geometry": {
        "type": "Point",
        "coordinates": [
          42.42,
          -30.78
        ]
      },
      "properties": {
        "image_name": "baycove_03_17_png_jpg.rf.600c1b3ed8ede55291f5cbcebf8f86f6.jpg",
        "target_id": "tgt-02",
        "class_name": "crab_pot",
        "confidence_ai": 0.6363,
        "confidence_final": 0.6363,
        "hazard_risk": "LOW",
        "shadow_evidence": "NEUTRAL",
        "review_status": "UNVERIFIED",
        "length_m": 0.9,
        "width_m": 0.95,
        "area_m2": 0.85,
        "relief_height_m": 0.26,
        "bbox": [
          570.0,
          496.0,
          613.0,
          538.0
        ],
        "coordinate_frame": "LOCAL_TRACK_METRIC"
      }
    },
    {
      "type": "Feature",
      "id": "baycove_03_17_png_jpg.rf.600c1b3ed8ede55291f5cbcebf8f86f6.jpg_tgt-03",
      "geometry": {
        "type": "Point",
        "coordinates": [
          42.73,
          -42.27
        ]
      },
      "properties": {
        "image_name": "baycove_03_17_png_jpg.rf.600c1b3ed8ede55291f5cbcebf8f86f6.jpg",
        "target_id": "tgt-03",
        "class_name": "crab_pot",
        "confidence_ai": 0.5559,
        "confidence_final": 0.5559,
        "hazard_risk": "LOW",
        "shadow_evidence": "NEUTRAL",
        "review_status": "UNVERIFIED",
        "length_m": 1.05,
        "width_m": 1.35,
        "area_m2": 1.42,
        "relief_height_m": 0.7,
        "bbox": [
          568.0,
          568.0,
          619.0,
          613.0
        ],
        "coordinate_frame": "LOCAL_TRACK_METRIC"
      }
    },
    {
      "type": "Feature",
      "id": "baycove_03_17_png_jpg.rf.600c1b3ed8ede55291f5cbcebf8f86f6.jpg_tgt-04",
      "geometry": {
        "type": "Point",
        "coordinates": [
          1.25,
          11.02
        ]
      },
      "properties": {
        "image_name": "baycove_03_17_png_jpg.rf.600c1b3ed8ede55291f5cbcebf8f86f6.jpg",
        "target_id": "tgt-04",
        "class_name": "crab_pot",
        "confidence_ai": 0.4379,
        "confidence_final": 0.4379,
        "hazard_risk": "LOW",
        "shadow_evidence": "NEUTRAL",
        "review_status": "UNVERIFIED",
        "length_m": 0.55,
        "width_m": 0.7,
        "area_m2": 0.39,
        "relief_height_m": 2.67,
        "bbox": [
          309.0,
          232.0,
          347.0,
          267.0
        ],
        "coordinate_frame": "LOCAL_TRACK_METRIC"
      }
    },
    {
      "type": "Feature",
      "id": "baycove_03_17_png_jpg.rf.600c1b3ed8ede55291f5cbcebf8f86f6.jpg_tgt-05",
      "geometry": {
        "type": "Point",
        "coordinates": [
          26.02,
          -34.77
        ]
      },
      "properties": {
        "image_name": "baycove_03_17_png_jpg.rf.600c1b3ed8ede55291f5cbcebf8f86f6.jpg",
        "target_id": "tgt-05",
        "class_name": "crab_pot",
        "confidence_ai": 0.2183,
        "confidence_final": 0.2183,
        "hazard_risk": "LOW",
        "shadow_evidence": "NEUTRAL",
        "review_status": "UNVERIFIED",
        "length_m": 0.85,
        "width_m": 0.95,
        "area_m2": 0.81,
        "relief_height_m": 0.97,
        "bbox": [
          465.0,
          522.0,
          508.0,
          563.0
        ],
        "coordinate_frame": "LOCAL_TRACK_METRIC"
      }
    },
    {
      "type": "Feature",
      "id": "baycove_03_17_png_jpg.rf.6b3cf738452a20c7d1f97812337c410f.jpg_tgt-01",
      "geometry": {
        "type": "Point",
        "coordinates": [
          -34.84,
          46.64
        ]
      },
      "properties": {
        "image_name": "baycove_03_17_png_jpg.rf.6b3cf738452a20c7d1f97812337c410f.jpg",
        "target_id": "tgt-01",
        "class_name": "crab_pot",
        "confidence_ai": 0.524,
        "confidence_final": 0.524,
        "hazard_risk": "LOW",
        "shadow_evidence": "NEUTRAL",
        "review_status": "UNVERIFIED",
        "length_m": 0.95,
        "width_m": 1.3,
        "area_m2": 1.23,
        "relief_height_m": 0.6,
        "bbox": [
          72.0,
          0.0,
          122.0,
          43.0
        ],
        "coordinate_frame": "LOCAL_TRACK_METRIC"
      }
    },
    {
      "type": "Feature",
      "id": "baycove_03_17_png_jpg.rf.6b3cf738452a20c7d1f97812337c410f.jpg_tgt-02",
      "geometry": {
        "type": "Point",
        "coordinates": [
          -21.48,
          40.47
        ]
      },
      "properties": {
        "image_name": "baycove_03_17_png_jpg.rf.6b3cf738452a20c7d1f97812337c410f.jpg",
        "target_id": "tgt-02",
        "class_name": "crab_pot",
        "confidence_ai": 0.476,
        "confidence_final": 0.476,
        "hazard_risk": "LOW",
        "shadow_evidence": "NEUTRAL",
        "review_status": "UNVERIFIED",
        "length_m": 0.8,
        "width_m": 0.95,
        "area_m2": 0.76,
        "relief_height_m": 0.59,
        "bbox": [
          161.0,
          41.0,
          204.0,
          81.0
        ],
        "coordinate_frame": "LOCAL_TRACK_METRIC"
      }
    },
    {
      "type": "Feature",
      "id": "baycove_03_17_png_jpg.rf.6b3cf738452a20c7d1f97812337c410f.jpg_tgt-03",
      "geometry": {
        "type": "Point",
        "coordinates": [
          -36.25,
          37.81
        ]
      },
      "properties": {
        "image_name": "baycove_03_17_png_jpg.rf.6b3cf738452a20c7d1f97812337c410f.jpg",
        "target_id": "tgt-03",
        "class_name": "crab_pot",
        "confidence_ai": 0.4586,
        "confidence_final": 0.5386,
        "hazard_risk": "LOW",
        "shadow_evidence": "SUPPORTING",
        "review_status": "VERIFIED_3D",
        "length_m": 0.9,
        "width_m": 1.1,
        "area_m2": 0.99,
        "relief_height_m": 1.15,
        "bbox": [
          65.0,
          57.0,
          111.0,
          99.0
        ],
        "coordinate_frame": "LOCAL_TRACK_METRIC"
      }
    },
    {
      "type": "Feature",
      "id": "baycove_03_17_png_jpg.rf.6b3cf738452a20c7d1f97812337c410f.jpg_tgt-04",
      "geometry": {
        "type": "Point",
        "coordinates": [
          0.39,
          -0.23
        ]
      },
      "properties": {
        "image_name": "baycove_03_17_png_jpg.rf.6b3cf738452a20c7d1f97812337c410f.jpg",
        "target_id": "tgt-04",
        "class_name": "crab_pot",
        "confidence_ai": 0.4383,
        "confidence_final": 0.4383,
        "hazard_risk": "LOW",
        "shadow_evidence": "NEUTRAL",
        "review_status": "UNVERIFIED",
        "length_m": 0.95,
        "width_m": 0.85,
        "area_m2": 0.81,
        "relief_height_m": 5.71,
        "bbox": [
          302.0,
          300.0,
          343.0,
          343.0
        ],
        "coordinate_frame": "LOCAL_TRACK_METRIC"
      }
    },
    {
      "type": "Feature",
      "id": "baycove_03_17_png_jpg.rf.6b3cf738452a20c7d1f97812337c410f.jpg_tgt-05",
      "geometry": {
        "type": "Point",
        "coordinates": [
          -6.41,
          -24.92
        ]
      },
      "properties": {
        "image_name": "baycove_03_17_png_jpg.rf.6b3cf738452a20c7d1f97812337c410f.jpg",
        "target_id": "tgt-05",
        "class_name": "crab_pot",
        "confidence_ai": 0.3389,
        "confidence_final": 0.4189,
        "hazard_risk": "LOW",
        "shadow_evidence": "SUPPORTING",
        "review_status": "VERIFIED_3D",
        "length_m": 1.05,
        "width_m": 1.0,
        "area_m2": 1.05,
        "relief_height_m": 4.72,
        "bbox": [
          257.0,
          457.0,
          301.0,
          502.0
        ],
        "coordinate_frame": "LOCAL_TRACK_METRIC"
      }
    },
    {
      "type": "Feature",
      "id": "baycove_03_17_png_jpg.rf.6b3cf738452a20c7d1f97812337c410f.jpg_tgt-06",
      "geometry": {
        "type": "Point",
        "coordinates": [
          -8.75,
          -31.87
        ]
      },
      "properties": {
        "image_name": "baycove_03_17_png_jpg.rf.6b3cf738452a20c7d1f97812337c410f.jpg",
        "target_id": "tgt-06",
        "class_name": "crab_pot",
        "confidence_ai": 0.2495,
        "confidence_final": 0.2495,
        "hazard_risk": "LOW",
        "shadow_evidence": "NEUTRAL",
        "review_status": "UNVERIFIED",
        "length_m": 1.0,
        "width_m": 1.4,
        "area_m2": 1.4,
        "relief_height_m": 3.18,
        "bbox": [
          238.0,
          502.0,
          290.0,
          546.0
        ],
        "coordinate_frame": "LOCAL_TRACK_METRIC"
      }
    },
    {
      "type": "Feature",
      "id": "baycove_03_17_png_jpg.rf.6b3cf738452a20c7d1f97812337c410f.jpg_tgt-07",
      "geometry": {
        "type": "Point",
        "coordinates": [
          -3.12,
          -1.33
        ]
      },
      "properties": {
        "image_name": "baycove_03_17_png_jpg.rf.6b3cf738452a20c7d1f97812337c410f.jpg",
        "target_id": "tgt-07",
        "class_name": "crab_pot",
        "confidence_ai": 0.2282,
        "confidence_final": 0.2282,
        "hazard_risk": "LOW",
        "shadow_evidence": "NEUTRAL",
        "review_status": "UNVERIFIED",
        "length_m": 0.75,
        "width_m": 0.6,
        "area_m2": 0.45,
        "relief_height_m": 0.73,
        "bbox": [
          282.0,
          309.0,
          318.0,
          348.0
        ],
        "coordinate_frame": "LOCAL_TRACK_METRIC"
      }
    },
    {
      "type": "Feature",
      "id": "baycove_03_17_png_jpg.rf.6b3cf738452a20c7d1f97812337c410f.jpg_tgt-08",
      "geometry": {
        "type": "Point",
        "coordinates": [
          -33.75,
          34.38
        ]
      },
      "properties": {
        "image_name": "baycove_03_17_png_jpg.rf.6b3cf738452a20c7d1f97812337c410f.jpg",
        "target_id": "tgt-08",
        "class_name": "crab_pot",
        "confidence_ai": 0.2235,
        "confidence_final": 0.2235,
        "hazard_risk": "LOW",
        "shadow_evidence": "NEUTRAL",
        "review_status": "UNVERIFIED",
        "length_m": 0.8,
        "width_m": 0.9,
        "area_m2": 0.72,
        "relief_height_m": 0.22,
        "bbox": [
          83.0,
          80.0,
          125.0,
          120.0
        ],
        "coordinate_frame": "LOCAL_TRACK_METRIC"
      }
    },
    {
      "type": "Feature",
      "id": "baycove_03_17_png_jpg.rf.6b3cf738452a20c7d1f97812337c410f.jpg_tgt-09",
      "geometry": {
        "type": "Point",
        "coordinates": [
          -49.14,
          37.81
        ]
      },
      "properties": {
        "image_name": "baycove_03_17_png_jpg.rf.6b3cf738452a20c7d1f97812337c410f.jpg",
        "target_id": "tgt-09",
        "class_name": "crab_pot",
        "confidence_ai": 0.1975,
        "confidence_final": 0.1975,
        "hazard_risk": "LOW",
        "shadow_evidence": "NEUTRAL",
        "review_status": "UNVERIFIED",
        "length_m": 0.8,
        "width_m": 0.55,
        "area_m2": 0.44,
        "relief_height_m": 0.5,
        "bbox": [
          0.0,
          58.0,
          23.0,
          98.0
        ],
        "coordinate_frame": "LOCAL_TRACK_METRIC"
      }
    },
    {
      "type": "Feature",
      "id": "baycove_03_18_png_jpg.rf.5e168360c20dc6b1aab64e11dd7d9a8e.jpg_tgt-01",
      "geometry": {
        "type": "Point",
        "coordinates": [
          -21.25,
          11.25
        ]
      },
      "properties": {
        "image_name": "baycove_03_18_png_jpg.rf.5e168360c20dc6b1aab64e11dd7d9a8e.jpg",
        "target_id": "tgt-01",
        "class_name": "crab_pot",
        "confidence_ai": 0.6396,
        "confidence_final": 0.6396,
        "hazard_risk": "LOW",
        "shadow_evidence": "NEUTRAL",
        "review_status": "UNVERIFIED",
        "length_m": 0.9,
        "width_m": 1.0,
        "area_m2": 0.9,
        "relief_height_m": 0.7,
        "bbox": [
          162.0,
          227.0,
          206.0,
          269.0
        ],
        "coordinate_frame": "LOCAL_TRACK_METRIC"
      }
    },
    {
      "type": "Feature",
      "id": "baycove_03_18_png_jpg.rf.5e168360c20dc6b1aab64e11dd7d9a8e.jpg_tgt-02",
      "geometry": {
        "type": "Point",
        "coordinates": [
          -30.16,
          28.91
        ]
      },
      "properties": {
        "image_name": "baycove_03_18_png_jpg.rf.5e168360c20dc6b1aab64e11dd7d9a8e.jpg",
        "target_id": "tgt-02",
        "class_name": "crab_pot",
        "confidence_ai": 0.2806,
        "confidence_final": 0.2806,
        "hazard_risk": "LOW",
        "shadow_evidence": "NEUTRAL",
        "review_status": "UNVERIFIED",
        "length_m": 1.0,
        "width_m": 1.1,
        "area_m2": 1.1,
        "relief_height_m": 0.95,
        "bbox": [
          104.0,
          113.0,
          150.0,
          157.0
        ],
        "coordinate_frame": "LOCAL_TRACK_METRIC"
      }
    },
    {
      "type": "Feature",
      "id": "baycove_09_10_png_jpg.rf.c99b3e32f0d5c74b4363272c5f003e2c.jpg_tgt-01",
      "geometry": {
        "type": "Point",
        "coordinates": [
          -6.87,
          -2.5
        ]
      },
      "properties": {
        "image_name": "baycove_09_10_png_jpg.rf.c99b3e32f0d5c74b4363272c5f003e2c.jpg",
        "target_id": "tgt-01",
        "class_name": "crab_pot",
        "confidence_ai": 0.5778,
        "confidence_final": 0.5778,
        "hazard_risk": "LOW",
        "shadow_evidence": "NEUTRAL",
        "review_status": "UNVERIFIED",
        "length_m": 0.8,
        "width_m": 0.8,
        "area_m2": 0.64,
        "relief_height_m": 1.36,
        "bbox": [
          256.0,
          316.0,
          296.0,
          356.0
        ],
        "coordinate_frame": "LOCAL_TRACK_METRIC"
      }
    },
    {
      "type": "Feature",
      "id": "baycove_09_11_png_jpg.rf.8b621cc1b5da15fc15020ca3ff5bdd45.jpg_tgt-01",
      "geometry": {
        "type": "Point",
        "coordinates": [
          27.58,
          -36.41
        ]
      },
      "properties": {
        "image_name": "baycove_09_11_png_jpg.rf.8b621cc1b5da15fc15020ca3ff5bdd45.jpg",
        "target_id": "tgt-01",
        "class_name": "crab_pot",
        "confidence_ai": 0.96,
        "confidence_final": 0.96,
        "hazard_risk": "LOW",
        "shadow_evidence": "NEUTRAL",
        "review_status": "UNVERIFIED",
        "length_m": 0.7,
        "width_m": 0.55,
        "area_m2": 0.39,
        "relief_height_m": 1.03,
        "bbox": [
          479.0,
          534.0,
          514.0,
          572.0
        ],
        "coordinate_frame": "LOCAL_TRACK_METRIC"
      }
    },
    {
      "type": "Feature",
      "id": "baycove_09_11_png_jpg.rf.8b621cc1b5da15fc15020ca3ff5bdd45.jpg_tgt-02",
      "geometry": {
        "type": "Point",
        "coordinates": [
          -20.47,
          -32.58
        ]
      },
      "properties": {
        "image_name": "baycove_09_11_png_jpg.rf.8b621cc1b5da15fc15020ca3ff5bdd45.jpg",
        "target_id": "tgt-02",
        "class_name": "submarine_pipeline",
        "confidence_ai": 0.96,
        "confidence_final": 0.96,
        "hazard_risk": "HIGH",
        "shadow_evidence": "NEUTRAL",
        "review_status": "UNVERIFIED",
        "length_m": 0.85,
        "width_m": 0.4,
        "area_m2": 0.34,
        "relief_height_m": 0.35,
        "bbox": [
          173.0,
          508.0,
          205.0,
          549.0
        ],
        "coordinate_frame": "LOCAL_TRACK_METRIC"
      }
    },
    {
      "type": "Feature",
      "id": "baycove_09_11_png_jpg.rf.8b621cc1b5da15fc15020ca3ff5bdd45.jpg_tgt-03",
      "geometry": {
        "type": "Point",
        "coordinates": [
          37.19,
          -22.03
        ]
      },
      "properties": {
        "image_name": "baycove_09_11_png_jpg.rf.8b621cc1b5da15fc15020ca3ff5bdd45.jpg",
        "target_id": "tgt-03",
        "class_name": "crab_pot",
        "confidence_ai": 0.96,
        "confidence_final": 0.96,
        "hazard_risk": "LOW",
        "shadow_evidence": "NEUTRAL",
        "review_status": "UNVERIFIED",
        "length_m": 0.9,
        "width_m": 0.7,
        "area_m2": 0.63,
        "relief_height_m": 0.73,
        "bbox": [
          539.0,
          440.0,
          577.0,
          482.0
        ],
        "coordinate_frame": "LOCAL_TRACK_METRIC"
      }
    },
    {
      "type": "Feature",
      "id": "baycove_09_11_png_jpg.rf.8b621cc1b5da15fc15020ca3ff5bdd45.jpg_tgt-04",
      "geometry": {
        "type": "Point",
        "coordinates": [
          -47.42,
          -17.97
        ]
      },
      "properties": {
        "image_name": "baycove_09_11_png_jpg.rf.8b621cc1b5da15fc15020ca3ff5bdd45.jpg",
        "target_id": "tgt-04",
        "class_name": "crab_pot",
        "confidence_ai": 0.96,
        "confidence_final": 0.96,
        "hazard_risk": "LOW",
        "shadow_evidence": "NEUTRAL",
        "review_status": "UNVERIFIED",
        "length_m": 0.8,
        "width_m": 0.65,
        "area_m2": 0.52,
        "relief_height_m": 0.18,
        "bbox": [
          0.0,
          415.0,
          35.0,
          455.0
        ],
        "coordinate_frame": "LOCAL_TRACK_METRIC"
      }
    },
    {
      "type": "Feature",
      "id": "baycove_09_11_png_jpg.rf.8b621cc1b5da15fc15020ca3ff5bdd45.jpg_tgt-05",
      "geometry": {
        "type": "Point",
        "coordinates": [
          36.02,
          -11.95
        ]
      },
      "properties": {
        "image_name": "baycove_09_11_png_jpg.rf.8b621cc1b5da15fc15020ca3ff5bdd45.jpg",
        "target_id": "tgt-05",
        "class_name": "ghost_net",
        "confidence_ai": 0.9454,
        "confidence_final": 0.9454,
        "hazard_risk": "MEDIUM",
        "shadow_evidence": "NEUTRAL",
        "review_status": "UNVERIFIED",
        "length_m": 0.95,
        "width_m": 0.55,
        "area_m2": 0.52,
        "relief_height_m": 0.2,
        "bbox": [
          533.0,
          375.0,
          568.0,
          418.0
        ],
        "coordinate_frame": "LOCAL_TRACK_METRIC"
      }
    },
    {
      "type": "Feature",
      "id": "baycove_09_11_png_jpg.rf.8b621cc1b5da15fc15020ca3ff5bdd45.jpg_tgt-06",
      "geometry": {
        "type": "Point",
        "coordinates": [
          -39.84,
          -5.31
        ]
      },
      "properties": {
        "image_name": "baycove_09_11_png_jpg.rf.8b621cc1b5da15fc15020ca3ff5bdd45.jpg",
        "target_id": "tgt-06",
        "class_name": "crab_pot",
        "confidence_ai": 0.9173,
        "confidence_final": 0.9173,
        "hazard_risk": "LOW",
        "shadow_evidence": "NEUTRAL",
        "review_status": "UNVERIFIED",
        "length_m": 0.8,
        "width_m": 0.6,
        "area_m2": 0.48,
        "relief_height_m": 0.24,
        "bbox": [
          47.0,
          334.0,
          83.0,
          374.0
        ],
        "coordinate_frame": "LOCAL_TRACK_METRIC"
      }
    },
    {
      "type": "Feature",
      "id": "baycove_09_11_png_jpg.rf.8b621cc1b5da15fc15020ca3ff5bdd45.jpg_tgt-07",
      "geometry": {
        "type": "Point",
        "coordinates": [
          -15.47,
          -28.52
        ]
      },
      "properties": {
        "image_name": "baycove_09_11_png_jpg.rf.8b621cc1b5da15fc15020ca3ff5bdd45.jpg",
        "target_id": "tgt-07",
        "class_name": "ghost_net",
        "confidence_ai": 0.9144,
        "confidence_final": 0.9144,
        "hazard_risk": "MEDIUM",
        "shadow_evidence": "NEUTRAL",
        "review_status": "UNVERIFIED",
        "length_m": 0.75,
        "width_m": 0.5,
        "area_m2": 0.38,
        "relief_height_m": 0.46,
        "bbox": [
          204.0,
          483.0,
          238.0,
          522.0
        ],
        "coordinate_frame": "LOCAL_TRACK_METRIC"
      }
    },
    {
      "type": "Feature",
      "id": "baycove_09_11_png_jpg.rf.8b621cc1b5da15fc15020ca3ff5bdd45.jpg_tgt-08",
      "geometry": {
        "type": "Point",
        "coordinates": [
          -33.28,
          -15.78
        ]
      },
      "properties": {
        "image_name": "baycove_09_11_png_jpg.rf.8b621cc1b5da15fc15020ca3ff5bdd45.jpg",
        "target_id": "tgt-08",
        "class_name": "ghost_net",
        "confidence_ai": 0.9133,
        "confidence_final": 0.9133,
        "hazard_risk": "MEDIUM",
        "shadow_evidence": "NEUTRAL",
        "review_status": "UNVERIFIED",
        "length_m": 1.4,
        "width_m": 0.8,
        "area_m2": 1.12,
        "relief_height_m": 0.29,
        "bbox": [
          87.0,
          395.0,
          127.0,
          447.0
        ],
        "coordinate_frame": "LOCAL_TRACK_METRIC"
      }
    },
    {
      "type": "Feature",
      "id": "baycove_09_11_png_jpg.rf.91d0452745cb86710f352b40f400d047.jpg_tgt-01",
      "geometry": {
        "type": "Point",
        "coordinates": [
          -34.92,
          -7.34
        ]
      },
      "properties": {
        "image_name": "baycove_09_11_png_jpg.rf.91d0452745cb86710f352b40f400d047.jpg",
        "target_id": "tgt-01",
        "class_name": "crab_pot",
        "confidence_ai": 0.2406,
        "confidence_final": 0.3206,
        "hazard_risk": "LOW",
        "shadow_evidence": "SUPPORTING",
        "review_status": "VERIFIED_3D",
        "length_m": 1.1,
        "width_m": 1.35,
        "area_m2": 1.49,
        "relief_height_m": 0.94,
        "bbox": [
          71.0,
          344.0,
          122.0,
          390.0
        ],
        "coordinate_frame": "LOCAL_TRACK_METRIC"
      }
    },
    {
      "type": "Feature",
      "id": "bg_1693569415.790_x2000.jpg_tgt-01",
      "geometry": {
        "type": "Point",
        "coordinates": [
          -39.38,
          -40.7
        ]
      },
      "properties": {
        "image_name": "bg_1693569415.790_x2000.jpg",
        "target_id": "tgt-01",
        "class_name": "crab_pot",
        "confidence_ai": 0.96,
        "confidence_final": 0.96,
        "hazard_risk": "LOW",
        "shadow_evidence": "NEUTRAL",
        "review_status": "UNVERIFIED",
        "length_m": 0.55,
        "width_m": 0.7,
        "area_m2": 0.39,
        "relief_height_m": 0.62,
        "bbox": [
          49.0,
          436.0,
          87.0,
          471.0
        ],
        "coordinate_frame": "LOCAL_TRACK_METRIC"
      }
    },
    {
      "type": "Feature",
      "id": "bg_1693569415.790_x2000.jpg_tgt-02",
      "geometry": {
        "type": "Point",
        "coordinates": [
          -30.08,
          -25.4
        ]
      },
      "properties": {
        "image_name": "bg_1693569415.790_x2000.jpg",
        "target_id": "tgt-02",
        "class_name": "crab_pot",
        "confidence_ai": 0.96,
        "confidence_final": 0.96,
        "hazard_risk": "LOW",
        "shadow_evidence": "NEUTRAL",
        "review_status": "UNVERIFIED",
        "length_m": 0.8,
        "width_m": 0.65,
        "area_m2": 0.52,
        "relief_height_m": 0.61,
        "bbox": [
          109.0,
          357.0,
          146.0,
          397.0
        ],
        "coordinate_frame": "LOCAL_TRACK_METRIC"
      }
    },
    {
      "type": "Feature",
      "id": "bg_1693569415.790_x2000.jpg_tgt-03",
      "geometry": {
        "type": "Point",
        "coordinates": [
          -47.89,
          -23.7
        ]
      },
      "properties": {
        "image_name": "bg_1693569415.790_x2000.jpg",
        "target_id": "tgt-03",
        "class_name": "crab_pot",
        "confidence_ai": 0.96,
        "confidence_final": 0.96,
        "hazard_risk": "LOW",
        "shadow_evidence": "NEUTRAL",
        "review_status": "UNVERIFIED",
        "length_m": 0.55,
        "width_m": 0.75,
        "area_m2": 0.41,
        "relief_height_m": 0.03,
        "bbox": [
          0.0,
          351.0,
          33.0,
          386.0
        ],
        "coordinate_frame": "LOCAL_TRACK_METRIC"
      }
    },
    {
      "type": "Feature",
      "id": "bg_1693569415.790_x2000.jpg_tgt-04",
      "geometry": {
        "type": "Point",
        "coordinates": [
          -43.91,
          -12.5
        ]
      },
      "properties": {
        "image_name": "bg_1693569415.790_x2000.jpg",
        "target_id": "tgt-04",
        "class_name": "submarine_pipeline",
        "confidence_ai": 0.96,
        "confidence_final": 0.96,
        "hazard_risk": "HIGH",
        "shadow_evidence": "NEUTRAL",
        "review_status": "UNVERIFIED",
        "length_m": 0.45,
        "width_m": 0.8,
        "area_m2": 0.36,
        "relief_height_m": 0.19,
        "bbox": [
          19.0,
          296.0,
          59.0,
          329.0
        ],
        "coordinate_frame": "LOCAL_TRACK_METRIC"
      }
    },
    {
      "type": "Feature",
      "id": "bg_1693569415.790_x2000.jpg_tgt-05",
      "geometry": {
        "type": "Point",
        "coordinates": [
          -31.02,
          11.0
        ]
      },
      "properties": {
        "image_name": "bg_1693569415.790_x2000.jpg",
        "target_id": "tgt-05",
        "class_name": "submarine_pipeline",
        "confidence_ai": 0.96,
        "confidence_final": 0.96,
        "hazard_risk": "HIGH",
        "shadow_evidence": "NEUTRAL",
        "review_status": "UNVERIFIED",
        "length_m": 0.5,
        "width_m": 1.05,
        "area_m2": 0.53,
        "relief_height_m": 0.89,
        "bbox": [
          99.0,
          178.0,
          144.0,
          212.0
        ],
        "coordinate_frame": "LOCAL_TRACK_METRIC"
      }
    },
    {
      "type": "Feature",
      "id": "bg_1693569415.790_x2000.jpg_tgt-06",
      "geometry": {
        "type": "Point",
        "coordinates": [
          -48.91,
          40.0
        ]
      },
      "properties": {
        "image_name": "bg_1693569415.790_x2000.jpg",
        "target_id": "tgt-06",
        "class_name": "crab_pot",
        "confidence_ai": 0.96,
        "confidence_final": 0.96,
        "hazard_risk": "LOW",
        "shadow_evidence": "NEUTRAL",
        "review_status": "UNVERIFIED",
        "length_m": 0.8,
        "width_m": 0.7,
        "area_m2": 0.56,
        "relief_height_m": 0.5,
        "bbox": [
          0.0,
          30.0,
          26.0,
          70.0
        ],
        "coordinate_frame": "LOCAL_TRACK_METRIC"
      }
    },
    {
      "type": "Feature",
      "id": "bg_1693569415.790_x2000.jpg_tgt-07",
      "geometry": {
        "type": "Point",
        "coordinates": [
          -30.08,
          -17.3
        ]
      },
      "properties": {
        "image_name": "bg_1693569415.790_x2000.jpg",
        "target_id": "tgt-07",
        "class_name": "ghost_net",
        "confidence_ai": 0.9561,
        "confidence_final": 0.9561,
        "hazard_risk": "MEDIUM",
        "shadow_evidence": "NEUTRAL",
        "review_status": "UNVERIFIED",
        "length_m": 0.55,
        "width_m": 0.95,
        "area_m2": 0.52,
        "relief_height_m": 0.54,
        "bbox": [
          106.0,
          319.0,
          149.0,
          354.0
        ],
        "coordinate_frame": "LOCAL_TRACK_METRIC"
      }
    },
    {
      "type": "Feature",
      "id": "bg_1693569415.790_x2000.jpg_tgt-08",
      "geometry": {
        "type": "Point",
        "coordinates": [
          30.0,
          -11.8
        ]
      },
      "properties": {
        "image_name": "bg_1693569415.790_x2000.jpg",
        "target_id": "tgt-08",
        "class_name": "submarine_pipeline",
        "confidence_ai": 0.948,
        "confidence_final": 0.948,
        "hazard_risk": "HIGH",
        "shadow_evidence": "NEUTRAL",
        "review_status": "UNVERIFIED",
        "length_m": 1.8,
        "width_m": 0.5,
        "area_m2": 0.9,
        "relief_height_m": 0.24,
        "bbox": [
          495.0,
          279.0,
          529.0,
          339.0
        ],
        "coordinate_frame": "LOCAL_TRACK_METRIC"
      }
    },
    {
      "type": "Feature",
      "id": "bg_1693569422.789_x2500.jpg_tgt-01",
      "geometry": {
        "type": "Point",
        "coordinates": [
          48.67,
          -33.9
        ]
      },
      "properties": {
        "image_name": "bg_1693569422.789_x2500.jpg",
        "target_id": "tgt-01",
        "class_name": "crab_pot",
        "confidence_ai": 0.96,
        "confidence_final": 0.96,
        "hazard_risk": "LOW",
        "shadow_evidence": "NEUTRAL",
        "review_status": "UNVERIFIED",
        "length_m": 0.75,
        "width_m": 0.85,
        "area_m2": 0.64,
        "relief_height_m": 0.5,
        "bbox": [
          611.0,
          400.0,
          640.0,
          439.0
        ],
        "coordinate_frame": "LOCAL_TRACK_METRIC"
      }
    },
    {
      "type": "Feature",
      "id": "bg_1693569422.789_x2500.jpg_tgt-02",
      "geometry": {
        "type": "Point",
        "coordinates": [
          49.3,
          -1.3
        ]
      },
      "properties": {
        "image_name": "bg_1693569422.789_x2500.jpg",
        "target_id": "tgt-02",
        "class_name": "crab_pot",
        "confidence_ai": 0.96,
        "confidence_final": 0.96,
        "hazard_risk": "LOW",
        "shadow_evidence": "NEUTRAL",
        "review_status": "UNVERIFIED",
        "length_m": 0.65,
        "width_m": 0.45,
        "area_m2": 0.29,
        "relief_height_m": 0.5,
        "bbox": [
          619.0,
          238.0,
          640.0,
          275.0
        ],
        "coordinate_frame": "LOCAL_TRACK_METRIC"
      }
    },
    {
      "type": "Feature",
      "id": "bg_1693569422.789_x2500.jpg_tgt-03",
      "geometry": {
        "type": "Point",
        "coordinates": [
          45.16,
          10.5
        ]
      },
      "properties": {
        "image_name": "bg_1693569422.789_x2500.jpg",
        "target_id": "tgt-03",
        "class_name": "ghost_net",
        "confidence_ai": 0.96,
        "confidence_final": 0.96,
        "hazard_risk": "MEDIUM",
        "shadow_evidence": "NEUTRAL",
        "review_status": "UNVERIFIED",
        "length_m": 0.55,
        "width_m": 0.8,
        "area_m2": 0.44,
        "relief_height_m": 0.24,
        "bbox": [
          589.0,
          180.0,
          629.0,
          215.0
        ],
        "coordinate_frame": "LOCAL_TRACK_METRIC"
      }
    },
    {
      "type": "Feature",
      "id": "bg_1693569422.789_x2500.jpg_tgt-04",
      "geometry": {
        "type": "Point",
        "coordinates": [
          27.89,
          26.7
        ]
      },
      "properties": {
        "image_name": "bg_1693569422.789_x2500.jpg",
        "target_id": "tgt-04",
        "class_name": "crab_pot",
        "confidence_ai": 0.96,
        "confidence_final": 0.96,
        "hazard_risk": "LOW",
        "shadow_evidence": "NEUTRAL",
        "review_status": "UNVERIFIED",
        "length_m": 0.65,
        "width_m": 0.75,
        "area_m2": 0.49,
        "relief_height_m": 0.47,
        "bbox": [
          479.0,
          98.0,
          518.0,
          135.0
        ],
        "coordinate_frame": "LOCAL_TRACK_METRIC"
      }
    },
    {
      "type": "Feature",
      "id": "bg_1693569422.789_x2500.jpg_tgt-05",
      "geometry": {
        "type": "Point",
        "coordinates": [
          43.36,
          32.8
        ]
      },
      "properties": {
        "image_name": "bg_1693569422.789_x2500.jpg",
        "target_id": "tgt-05",
        "class_name": "crab_pot",
        "confidence_ai": 0.96,
        "confidence_final": 0.96,
        "hazard_risk": "LOW",
        "shadow_evidence": "NEUTRAL",
        "review_status": "UNVERIFIED",
        "length_m": 0.5,
        "width_m": 0.65,
        "area_m2": 0.33,
        "relief_height_m": 0.69,
        "bbox": [
          579.0,
          69.0,
          616.0,
          103.0
        ],
        "coordinate_frame": "LOCAL_TRACK_METRIC"
      }
    },
    {
      "type": "Feature",
      "id": "bg_1693569422.789_x2500.jpg_tgt-06",
      "geometry": {
        "type": "Point",
        "coordinates": [
          37.58,
          17.6
        ]
      },
      "properties": {
        "image_name": "bg_1693569422.789_x2500.jpg",
        "target_id": "tgt-06",
        "class_name": "ghost_net",
        "confidence_ai": 0.9404,
        "confidence_final": 0.9404,
        "hazard_risk": "MEDIUM",
        "shadow_evidence": "NEUTRAL",
        "review_status": "UNVERIFIED",
        "length_m": 0.5,
        "width_m": 0.75,
        "area_m2": 0.38,
        "relief_height_m": 0.56,
        "bbox": [
          541.0,
          145.0,
          580.0,
          179.0
        ],
        "coordinate_frame": "LOCAL_TRACK_METRIC"
      }
    },
    {
      "type": "Feature",
      "id": "bg_1693569422.789_x2500.jpg_tgt-07",
      "geometry": {
        "type": "Point",
        "coordinates": [
          36.41,
          39.9
        ]
      },
      "properties": {
        "image_name": "bg_1693569422.789_x2500.jpg",
        "target_id": "tgt-07",
        "class_name": "crab_pot",
        "confidence_ai": 0.934,
        "confidence_final": 0.934,
        "hazard_risk": "LOW",
        "shadow_evidence": "NEUTRAL",
        "review_status": "UNVERIFIED",
        "length_m": 0.55,
        "width_m": 0.7,
        "area_m2": 0.39,
        "relief_height_m": 0.23,
        "bbox": [
          534.0,
          33.0,
          572.0,
          68.0
        ],
        "coordinate_frame": "LOCAL_TRACK_METRIC"
      }
    },
    {
      "type": "Feature",
      "id": "bg_1693569422.789_x2500.jpg_tgt-08",
      "geometry": {
        "type": "Point",
        "coordinates": [
          25.08,
          2.5
        ]
      },
      "properties": {
        "image_name": "bg_1693569422.789_x2500.jpg",
        "target_id": "tgt-08",
        "class_name": "crab_pot",
        "confidence_ai": 0.9326,
        "confidence_final": 0.9326,
        "hazard_risk": "LOW",
        "shadow_evidence": "NEUTRAL",
        "review_status": "UNVERIFIED",
        "length_m": 0.65,
        "width_m": 0.65,
        "area_m2": 0.42,
        "relief_height_m": 0.38,
        "bbox": [
          462.0,
          219.0,
          499.0,
          256.0
        ],
        "coordinate_frame": "LOCAL_TRACK_METRIC"
      }
    },
    {
      "type": "Feature",
      "id": "bg_1693569510.799_x1000.jpg_tgt-01",
      "geometry": {
        "type": "Point",
        "coordinates": [
          -2.19,
          0.9
        ]
      },
      "properties": {
        "image_name": "bg_1693569510.799_x1000.jpg",
        "target_id": "tgt-01",
        "class_name": "crab_pot",
        "confidence_ai": 0.8696,
        "confidence_final": 0.8696,
        "hazard_risk": "LOW",
        "shadow_evidence": "NEUTRAL",
        "review_status": "UNVERIFIED",
        "length_m": 0.55,
        "width_m": 0.7,
        "area_m2": 0.39,
        "relief_height_m": 6.0,
        "bbox": [
          287.0,
          228.0,
          325.0,
          263.0
        ],
        "coordinate_frame": "LOCAL_TRACK_METRIC"
      }
    },
    {
      "type": "Feature",
      "id": "bg_1693569510.799_x1000.jpg_tgt-02",
      "geometry": {
        "type": "Point",
        "coordinates": [
          18.28,
          -45.8
        ]
      },
      "properties": {
        "image_name": "bg_1693569510.799_x1000.jpg",
        "target_id": "tgt-02",
        "class_name": "crab_pot",
        "confidence_ai": 0.8503,
        "confidence_final": 0.8503,
        "hazard_risk": "LOW",
        "shadow_evidence": "NEUTRAL",
        "review_status": "UNVERIFIED",
        "length_m": 0.6,
        "width_m": 0.6,
        "area_m2": 0.36,
        "relief_height_m": 2.04,
        "bbox": [
          419.0,
          461.0,
          455.0,
          497.0
        ],
        "coordinate_frame": "LOCAL_TRACK_METRIC"
      }
    },
    {
      "type": "Feature",
      "id": "bg_1693569510.799_x1000.jpg_tgt-03",
      "geometry": {
        "type": "Point",
        "coordinates": [
          -8.75,
          -25.3
        ]
      },
      "properties": {
        "image_name": "bg_1693569510.799_x1000.jpg",
        "target_id": "tgt-03",
        "class_name": "crab_pot",
        "confidence_ai": 0.8477,
        "confidence_final": 0.8477,
        "hazard_risk": "LOW",
        "shadow_evidence": "NEUTRAL",
        "review_status": "UNVERIFIED",
        "length_m": 0.65,
        "width_m": 0.7,
        "area_m2": 0.45,
        "relief_height_m": 3.43,
        "bbox": [
          245.0,
          358.0,
          283.0,
          395.0
        ],
        "coordinate_frame": "LOCAL_TRACK_METRIC"
      }
    },
    {
      "type": "Feature",
      "id": "bg_1693569510.799_x1000.jpg_tgt-04",
      "geometry": {
        "type": "Point",
        "coordinates": [
          5.94,
          3.6
        ]
      },
      "properties": {
        "image_name": "bg_1693569510.799_x1000.jpg",
        "target_id": "tgt-04",
        "class_name": "ghost_net",
        "confidence_ai": 0.8399,
        "confidence_final": 0.8399,
        "hazard_risk": "MEDIUM",
        "shadow_evidence": "NEUTRAL",
        "review_status": "UNVERIFIED",
        "length_m": 0.6,
        "width_m": 1.0,
        "area_m2": 0.6,
        "relief_height_m": 1.67,
        "bbox": [
          336.0,
          214.0,
          380.0,
          250.0
        ],
        "coordinate_frame": "LOCAL_TRACK_METRIC"
      }
    },
    {
      "type": "Feature",
      "id": "bg_1693569510.799_x1000.jpg_tgt-05",
      "geometry": {
        "type": "Point",
        "coordinates": [
          -47.89,
          -44.1
        ]
      },
      "properties": {
        "image_name": "bg_1693569510.799_x1000.jpg",
        "target_id": "tgt-05",
        "class_name": "crab_pot",
        "confidence_ai": 0.8393,
        "confidence_final": 0.8393,
        "hazard_risk": "LOW",
        "shadow_evidence": "NEUTRAL",
        "review_status": "UNVERIFIED",
        "length_m": 0.55,
        "width_m": 0.75,
        "area_m2": 0.41,
        "relief_height_m": 0.15,
        "bbox": [
          0.0,
          453.0,
          33.0,
          488.0
        ],
        "coordinate_frame": "LOCAL_TRACK_METRIC"
      }
    },
    {
      "type": "Feature",
      "id": "bg_1693569510.799_x1000.jpg_tgt-06",
      "geometry": {
        "type": "Point",
        "coordinates": [
          21.64,
          -30.8
        ]
      },
      "properties": {
        "image_name": "bg_1693569510.799_x1000.jpg",
        "target_id": "tgt-06",
        "class_name": "crab_pot",
        "confidence_ai": 0.8381,
        "confidence_final": 0.8381,
        "hazard_risk": "LOW",
        "shadow_evidence": "NEUTRAL",
        "review_status": "UNVERIFIED",
        "length_m": 0.6,
        "width_m": 0.75,
        "area_m2": 0.45,
        "relief_height_m": 1.31,
        "bbox": [
          439.0,
          386.0,
          478.0,
          422.0
        ],
        "coordinate_frame": "LOCAL_TRACK_METRIC"
      }
    },
    {
      "type": "Feature",
      "id": "bg_1693569510.799_x1000.jpg_tgt-07",
      "geometry": {
        "type": "Point",
        "coordinates": [
          -43.12,
          5.6
        ]
      },
      "properties": {
        "image_name": "bg_1693569510.799_x1000.jpg",
        "target_id": "tgt-07",
        "class_name": "crab_pot",
        "confidence_ai": 0.8268,
        "confidence_final": 0.8268,
        "hazard_risk": "LOW",
        "shadow_evidence": "NEUTRAL",
        "review_status": "UNVERIFIED",
        "length_m": 0.8,
        "width_m": 0.7,
        "area_m2": 0.56,
        "relief_height_m": 0.17,
        "bbox": [
          25.0,
          202.0,
          63.0,
          242.0
        ],
        "coordinate_frame": "LOCAL_TRACK_METRIC"
      }
    },
    {
      "type": "Feature",
      "id": "bg_1693569510.799_x1000.jpg_tgt-08",
      "geometry": {
        "type": "Point",
        "coordinates": [
          -36.56,
          42.6
        ]
      },
      "properties": {
        "image_name": "bg_1693569510.799_x1000.jpg",
        "target_id": "tgt-08",
        "class_name": "submarine_pipeline",
        "confidence_ai": 0.8166,
        "confidence_final": 0.8166,
        "hazard_risk": "HIGH",
        "shadow_evidence": "NEUTRAL",
        "review_status": "UNVERIFIED",
        "length_m": 0.5,
        "width_m": 0.9,
        "area_m2": 0.45,
        "relief_height_m": 0.39,
        "bbox": [
          65.0,
          20.0,
          107.0,
          54.0
        ],
        "coordinate_frame": "LOCAL_TRACK_METRIC"
      }
    },
    {
      "type": "Feature",
      "id": "bg_1693569512.810_x1000.jpg_tgt-01",
      "geometry": {
        "type": "Point",
        "coordinates": [
          39.61,
          -49.4
        ]
      },
      "properties": {
        "image_name": "bg_1693569512.810_x1000.jpg",
        "target_id": "tgt-01",
        "class_name": "submarine_pipeline",
        "confidence_ai": 0.96,
        "confidence_final": 0.96,
        "hazard_risk": "HIGH",
        "shadow_evidence": "NEUTRAL",
        "review_status": "UNVERIFIED",
        "length_m": 0.4,
        "width_m": 0.85,
        "area_m2": 0.26,
        "relief_height_m": 0.39,
        "bbox": [
          553.0,
          482.0,
          594.0,
          500.0
        ],
        "coordinate_frame": "LOCAL_TRACK_METRIC"
      }
    },
    {
      "type": "Feature",
      "id": "bg_1693569512.810_x1000.jpg_tgt-02",
      "geometry": {
        "type": "Point",
        "coordinates": [
          10.23,
          -45.3
        ]
      },
      "properties": {
        "image_name": "bg_1693569512.810_x1000.jpg",
        "target_id": "tgt-02",
        "class_name": "mine_cylinder",
        "confidence_ai": 0.96,
        "confidence_final": 0.81,
        "hazard_risk": "CRITICAL",
        "shadow_evidence": "ABSENT",
        "review_status": "FLAGGED_FOR_REVIEW",
        "length_m": 2.35,
        "width_m": 1.35,
        "area_m2": 3.17,
        "relief_height_m": 2.47,
        "bbox": [
          360.0,
          441.0,
          411.0,
          500.0
        ],
        "coordinate_frame": "LOCAL_TRACK_METRIC"
      }
    },
    {
      "type": "Feature",
      "id": "bg_1693569512.810_x1000.jpg_tgt-03",
      "geometry": {
        "type": "Point",
        "coordinates": [
          48.67,
          -39.3
        ]
      },
      "properties": {
        "image_name": "bg_1693569512.810_x1000.jpg",
        "target_id": "tgt-03",
        "class_name": "ghost_net",
        "confidence_ai": 0.96,
        "confidence_final": 0.96,
        "hazard_risk": "MEDIUM",
        "shadow_evidence": "NEUTRAL",
        "review_status": "UNVERIFIED",
        "length_m": 0.65,
        "width_m": 0.85,
        "area_m2": 0.55,
        "relief_height_m": 0.5,
        "bbox": [
          611.0,
          428.0,
          640.0,
          465.0
        ],
        "coordinate_frame": "LOCAL_TRACK_METRIC"
      }
    },
    {
      "type": "Feature",
      "id": "bg_1693569512.810_x1000.jpg_tgt-04",
      "geometry": {
        "type": "Point",
        "coordinates": [
          -32.11,
          -42.8
        ]
      },
      "properties": {
        "image_name": "bg_1693569512.810_x1000.jpg",
        "target_id": "tgt-04",
        "class_name": "submarine_pipeline",
        "confidence_ai": 0.96,
        "confidence_final": 0.96,
        "hazard_risk": "HIGH",
        "shadow_evidence": "NEUTRAL",
        "review_status": "UNVERIFIED",
        "length_m": 3.6,
        "width_m": 1.55,
        "area_m2": 5.58,
        "relief_height_m": 0.8,
        "bbox": [
          87.0,
          416.0,
          142.0,
          500.0
        ],
        "coordinate_frame": "LOCAL_TRACK_METRIC"
      }
    },
    {
      "type": "Feature",
      "id": "bg_1693569512.810_x1000.jpg_tgt-05",
      "geometry": {
        "type": "Point",
        "coordinates": [
          49.3,
          -29.2
        ]
      },
      "properties": {
        "image_name": "bg_1693569512.810_x1000.jpg",
        "target_id": "tgt-05",
        "class_name": "crab_pot",
        "confidence_ai": 0.96,
        "confidence_final": 0.96,
        "hazard_risk": "LOW",
        "shadow_evidence": "NEUTRAL",
        "review_status": "UNVERIFIED",
        "length_m": 0.6,
        "width_m": 0.45,
        "area_m2": 0.27,
        "relief_height_m": 0.5,
        "bbox": [
          619.0,
          378.0,
          640.0,
          414.0
        ],
        "coordinate_frame": "LOCAL_TRACK_METRIC"
      }
    },
    {
      "type": "Feature",
      "id": "bg_1693569512.810_x1000.jpg_tgt-06",
      "geometry": {
        "type": "Point",
        "coordinates": [
          46.88,
          -10.6
        ]
      },
      "properties": {
        "image_name": "bg_1693569512.810_x1000.jpg",
        "target_id": "tgt-06",
        "class_name": "ghost_net",
        "confidence_ai": 0.96,
        "confidence_final": 0.96,
        "hazard_risk": "MEDIUM",
        "shadow_evidence": "NEUTRAL",
        "review_status": "UNVERIFIED",
        "length_m": 0.5,
        "width_m": 0.8,
        "area_m2": 0.4,
        "relief_height_m": 0.31,
        "bbox": [
          600.0,
          286.0,
          640.0,
          320.0
        ],
        "coordinate_frame": "LOCAL_TRACK_METRIC"
      }
    },
    {
      "type": "Feature",
      "id": "bg_1693569512.810_x1000.jpg_tgt-07",
      "geometry": {
        "type": "Point",
        "coordinates": [
          45.78,
          2.8
        ]
      },
      "properties": {
        "image_name": "bg_1693569512.810_x1000.jpg",
        "target_id": "tgt-07",
        "class_name": "submarine_pipeline",
        "confidence_ai": 0.96,
        "confidence_final": 0.96,
        "hazard_risk": "HIGH",
        "shadow_evidence": "NEUTRAL",
        "review_status": "UNVERIFIED",
        "length_m": 0.5,
        "width_m": 0.9,
        "area_m2": 0.45,
        "relief_height_m": 0.26,
        "bbox": [
          592.0,
          219.0,
          634.0,
          253.0
        ],
        "coordinate_frame": "LOCAL_TRACK_METRIC"
      }
    },
    {
      "type": "Feature",
      "id": "bg_1693569512.810_x1000.jpg_tgt-08",
      "geometry": {
        "type": "Point",
        "coordinates": [
          45.63,
          5.6
        ]
      },
      "properties": {
        "image_name": "bg_1693569512.810_x1000.jpg",
        "target_id": "tgt-08",
        "class_name": "submarine_pipeline",
        "confidence_ai": 0.96,
        "confidence_final": 0.96,
        "hazard_risk": "HIGH",
        "shadow_evidence": "NEUTRAL",
        "review_status": "UNVERIFIED",
        "length_m": 0.6,
        "width_m": 1.9,
        "area_m2": 1.14,
        "relief_height_m": 0.16,
        "bbox": [
          581.0,
          204.0,
          640.0,
          240.0
        ],
        "coordinate_frame": "LOCAL_TRACK_METRIC"
      }
    },
    {
      "type": "Feature",
      "id": "bg_1693569545.809_x500.jpg_tgt-01",
      "geometry": {
        "type": "Point",
        "coordinates": [
          11.02,
          -49.2
        ]
      },
      "properties": {
        "image_name": "bg_1693569545.809_x500.jpg",
        "target_id": "tgt-01",
        "class_name": "submarine_pipeline",
        "confidence_ai": 0.8793,
        "confidence_final": 0.98,
        "hazard_risk": "HIGH",
        "shadow_evidence": "SUPPORTING",
        "review_status": "VERIFIED_3D",
        "length_m": 0.4,
        "width_m": 0.95,
        "area_m2": 0.38,
        "relief_height_m": 3.59,
        "bbox": [
          369.0,
          480.0,
          412.0,
          500.0
        ],
        "coordinate_frame": "LOCAL_TRACK_METRIC"
      }
    },
    {
      "type": "Feature",
      "id": "bg_1693569545.809_x500.jpg_tgt-02",
      "geometry": {
        "type": "Point",
        "coordinates": [
          -3.05,
          -5.9
        ]
      },
      "properties": {
        "image_name": "bg_1693569545.809_x500.jpg",
        "target_id": "tgt-02",
        "class_name": "crab_pot",
        "confidence_ai": 0.8733,
        "confidence_final": 0.8733,
        "hazard_risk": "LOW",
        "shadow_evidence": "NEUTRAL",
        "review_status": "UNVERIFIED",
        "length_m": 0.55,
        "width_m": 0.65,
        "area_m2": 0.36,
        "relief_height_m": 5.33,
        "bbox": [
          282.0,
          262.0,
          319.0,
          297.0
        ],
        "coordinate_frame": "LOCAL_TRACK_METRIC"
      }
    },
    {
      "type": "Feature",
      "id": "bg_1693569545.809_x500.jpg_tgt-03",
      "geometry": {
        "type": "Point",
        "coordinates": [
          17.27,
          -46.0
        ]
      },
      "properties": {
        "image_name": "bg_1693569545.809_x500.jpg",
        "target_id": "tgt-03",
        "class_name": "crab_pot",
        "confidence_ai": 0.8721,
        "confidence_final": 0.8721,
        "hazard_risk": "LOW",
        "shadow_evidence": "NEUTRAL",
        "review_status": "UNVERIFIED",
        "length_m": 0.7,
        "width_m": 0.55,
        "area_m2": 0.39,
        "relief_height_m": 1.97,
        "bbox": [
          413.0,
          461.0,
          448.0,
          499.0
        ],
        "coordinate_frame": "LOCAL_TRACK_METRIC"
      }
    },
    {
      "type": "Feature",
      "id": "bg_1693569545.809_x500.jpg_tgt-04",
      "geometry": {
        "type": "Point",
        "coordinates": [
          -25.31,
          -46.2
        ]
      },
      "properties": {
        "image_name": "bg_1693569545.809_x500.jpg",
        "target_id": "tgt-04",
        "class_name": "submarine_pipeline",
        "confidence_ai": 0.8644,
        "confidence_final": 0.8644,
        "hazard_risk": "HIGH",
        "shadow_evidence": "NEUTRAL",
        "review_status": "UNVERIFIED",
        "length_m": 0.5,
        "width_m": 1.0,
        "area_m2": 0.5,
        "relief_height_m": 2.16,
        "bbox": [
          136.0,
          464.0,
          180.0,
          498.0
        ],
        "coordinate_frame": "LOCAL_TRACK_METRIC"
      }
    },
    {
      "type": "Feature",
      "id": "bg_1693569545.809_x500.jpg_tgt-05",
      "geometry": {
        "type": "Point",
        "coordinates": [
          26.64,
          -9.7
        ]
      },
      "properties": {
        "image_name": "bg_1693569545.809_x500.jpg",
        "target_id": "tgt-05",
        "class_name": "crab_pot",
        "confidence_ai": 0.8638,
        "confidence_final": 0.8638,
        "hazard_risk": "LOW",
        "shadow_evidence": "NEUTRAL",
        "review_status": "UNVERIFIED",
        "length_m": 0.55,
        "width_m": 0.65,
        "area_m2": 0.36,
        "relief_height_m": 0.44,
        "bbox": [
          472.0,
          281.0,
          509.0,
          316.0
        ],
        "coordinate_frame": "LOCAL_TRACK_METRIC"
      }
    },
    {
      "type": "Feature",
      "id": "bg_1693569545.809_x500.jpg_tgt-06",
      "geometry": {
        "type": "Point",
        "coordinates": [
          -28.44,
          -9.3
        ]
      },
      "properties": {
        "image_name": "bg_1693569545.809_x500.jpg",
        "target_id": "tgt-06",
        "class_name": "crab_pot",
        "confidence_ai": 0.8572,
        "confidence_final": 0.8572,
        "hazard_risk": "LOW",
        "shadow_evidence": "NEUTRAL",
        "review_status": "UNVERIFIED",
        "length_m": 0.65,
        "width_m": 0.6,
        "area_m2": 0.39,
        "relief_height_m": 1.44,
        "bbox": [
          120.0,
          278.0,
          156.0,
          315.0
        ],
        "coordinate_frame": "LOCAL_TRACK_METRIC"
      }
    },
    {
      "type": "Feature",
      "id": "bg_1693569545.809_x500.jpg_tgt-07",
      "geometry": {
        "type": "Point",
        "coordinates": [
          -17.89,
          25.2
        ]
      },
      "properties": {
        "image_name": "bg_1693569545.809_x500.jpg",
        "target_id": "tgt-07",
        "class_name": "submarine_pipeline",
        "confidence_ai": 0.8495,
        "confidence_final": 0.8495,
        "hazard_risk": "HIGH",
        "shadow_evidence": "NEUTRAL",
        "review_status": "UNVERIFIED",
        "length_m": 0.5,
        "width_m": 0.95,
        "area_m2": 0.47,
        "relief_height_m": 0.92,
        "bbox": [
          184.0,
          107.0,
          227.0,
          141.0
        ],
        "coordinate_frame": "LOCAL_TRACK_METRIC"
      }
    },
    {
      "type": "Feature",
      "id": "bg_1693569545.809_x500.jpg_tgt-08",
      "geometry": {
        "type": "Point",
        "coordinates": [
          -8.28,
          -22.0
        ]
      },
      "properties": {
        "image_name": "bg_1693569545.809_x500.jpg",
        "target_id": "tgt-08",
        "class_name": "ghost_net",
        "confidence_ai": 0.8469,
        "confidence_final": 0.8469,
        "hazard_risk": "MEDIUM",
        "shadow_evidence": "NEUTRAL",
        "review_status": "UNVERIFIED",
        "length_m": 0.5,
        "width_m": 0.7,
        "area_m2": 0.35,
        "relief_height_m": 1.16,
        "bbox": [
          248.0,
          343.0,
          286.0,
          377.0
        ],
        "coordinate_frame": "LOCAL_TRACK_METRIC"
      }
    },
    {
      "type": "Feature",
      "id": "bg_1693569561.809_x1000.jpg_tgt-01",
      "geometry": {
        "type": "Point",
        "coordinates": [
          33.05,
          -29.7
        ]
      },
      "properties": {
        "image_name": "bg_1693569561.809_x1000.jpg",
        "target_id": "tgt-01",
        "class_name": "crab_pot",
        "confidence_ai": 0.889,
        "confidence_final": 0.889,
        "hazard_risk": "LOW",
        "shadow_evidence": "NEUTRAL",
        "review_status": "UNVERIFIED",
        "length_m": 0.55,
        "width_m": 0.65,
        "area_m2": 0.36,
        "relief_height_m": 1.17,
        "bbox": [
          513.0,
          381.0,
          550.0,
          416.0
        ],
        "coordinate_frame": "LOCAL_TRACK_METRIC"
      }
    },
    {
      "type": "Feature",
      "id": "bg_1693569561.809_x1000.jpg_tgt-02",
      "geometry": {
        "type": "Point",
        "coordinates": [
          7.19,
          -43.5
        ]
      },
      "properties": {
        "image_name": "bg_1693569561.809_x1000.jpg",
        "target_id": "tgt-02",
        "class_name": "crab_pot",
        "confidence_ai": 0.8741,
        "confidence_final": 0.8741,
        "hazard_risk": "LOW",
        "shadow_evidence": "NEUTRAL",
        "review_status": "UNVERIFIED",
        "length_m": 0.65,
        "width_m": 0.7,
        "area_m2": 0.45,
        "relief_height_m": 3.82,
        "bbox": [
          347.0,
          449.0,
          385.0,
          486.0
        ],
        "coordinate_frame": "LOCAL_TRACK_METRIC"
      }
    },
    {
      "type": "Feature",
      "id": "bg_1693569561.809_x1000.jpg_tgt-03",
      "geometry": {
        "type": "Point",
        "coordinates": [
          -45.62,
          4.5
        ]
      },
      "properties": {
        "image_name": "bg_1693569561.809_x1000.jpg",
        "target_id": "tgt-03",
        "class_name": "crab_pot",
        "confidence_ai": 0.8663,
        "confidence_final": 0.8663,
        "hazard_risk": "LOW",
        "shadow_evidence": "NEUTRAL",
        "review_status": "UNVERIFIED",
        "length_m": 0.55,
        "width_m": 0.7,
        "area_m2": 0.39,
        "relief_height_m": 0.54,
        "bbox": [
          9.0,
          210.0,
          47.0,
          245.0
        ],
        "coordinate_frame": "LOCAL_TRACK_METRIC"
      }
    },
    {
      "type": "Feature",
      "id": "bg_1693569561.809_x1000.jpg_tgt-04",
      "geometry": {
        "type": "Point",
        "coordinates": [
          -33.59,
          -45.2
        ]
      },
      "properties": {
        "image_name": "bg_1693569561.809_x1000.jpg",
        "target_id": "tgt-04",
        "class_name": "submarine_pipeline",
        "confidence_ai": 0.8523,
        "confidence_final": 0.8523,
        "hazard_risk": "HIGH",
        "shadow_evidence": "NEUTRAL",
        "review_status": "UNVERIFIED",
        "length_m": 0.5,
        "width_m": 1.1,
        "area_m2": 0.55,
        "relief_height_m": 0.59,
        "bbox": [
          82.0,
          459.0,
          128.0,
          493.0
        ],
        "coordinate_frame": "LOCAL_TRACK_METRIC"
      }
    },
    {
      "type": "Feature",
      "id": "bg_1693569561.809_x1000.jpg_tgt-05",
      "geometry": {
        "type": "Point",
        "coordinates": [
          -16.56,
          15.4
        ]
      },
      "properties": {
        "image_name": "bg_1693569561.809_x1000.jpg",
        "target_id": "tgt-05",
        "class_name": "crab_pot",
        "confidence_ai": 0.8467,
        "confidence_final": 0.8467,
        "hazard_risk": "LOW",
        "shadow_evidence": "NEUTRAL",
        "review_status": "UNVERIFIED",
        "length_m": 0.6,
        "width_m": 0.7,
        "area_m2": 0.42,
        "relief_height_m": 0.43,
        "bbox": [
          195.0,
          155.0,
          233.0,
          191.0
        ],
        "coordinate_frame": "LOCAL_TRACK_METRIC"
      }
    },
    {
      "type": "Feature",
      "id": "bg_1693569561.809_x1000.jpg_tgt-06",
      "geometry": {
        "type": "Point",
        "coordinates": [
          38.36,
          -26.5
        ]
      },
      "properties": {
        "image_name": "bg_1693569561.809_x1000.jpg",
        "target_id": "tgt-06",
        "class_name": "ghost_net",
        "confidence_ai": 0.8269,
        "confidence_final": 0.8269,
        "hazard_risk": "MEDIUM",
        "shadow_evidence": "NEUTRAL",
        "review_status": "UNVERIFIED",
        "length_m": 0.55,
        "width_m": 0.85,
        "area_m2": 0.47,
        "relief_height_m": 0.46,
        "bbox": [
          545.0,
          365.0,
          586.0,
          400.0
        ],
        "coordinate_frame": "LOCAL_TRACK_METRIC"
      }
    },
    {
      "type": "Feature",
      "id": "bg_1693569561.809_x1000.jpg_tgt-07",
      "geometry": {
        "type": "Point",
        "coordinates": [
          -30.94,
          -45.8
        ]
      },
      "properties": {
        "image_name": "bg_1693569561.809_x1000.jpg",
        "target_id": "tgt-07",
        "class_name": "crab_pot",
        "confidence_ai": 0.8204,
        "confidence_final": 0.8204,
        "hazard_risk": "LOW",
        "shadow_evidence": "NEUTRAL",
        "review_status": "UNVERIFIED",
        "length_m": 0.7,
        "width_m": 0.6,
        "area_m2": 0.42,
        "relief_height_m": 1.29,
        "bbox": [
          104.0,
          460.0,
          140.0,
          498.0
        ],
        "coordinate_frame": "LOCAL_TRACK_METRIC"
      }
    },
    {
      "type": "Feature",
      "id": "bg_1693569561.809_x1000.jpg_tgt-08",
      "geometry": {
        "type": "Point",
        "coordinates": [
          -40.62,
          4.1
        ]
      },
      "properties": {
        "image_name": "bg_1693569561.809_x1000.jpg",
        "target_id": "tgt-08",
        "class_name": "ghost_net",
        "confidence_ai": 0.8128,
        "confidence_final": 0.8128,
        "hazard_risk": "MEDIUM",
        "shadow_evidence": "NEUTRAL",
        "review_status": "UNVERIFIED",
        "length_m": 0.55,
        "width_m": 0.8,
        "area_m2": 0.44,
        "relief_height_m": 1.25,
        "bbox": [
          40.0,
          212.0,
          80.0,
          247.0
        ],
        "coordinate_frame": "LOCAL_TRACK_METRIC"
      }
    },
    {
      "type": "Feature",
      "id": "bg_1693569664.840_x0.jpg_tgt-01",
      "geometry": {
        "type": "Point",
        "coordinates": [
          -25.62,
          4.8
        ]
      },
      "properties": {
        "image_name": "bg_1693569664.840_x0.jpg",
        "target_id": "tgt-01",
        "class_name": "crab_pot",
        "confidence_ai": 0.8744,
        "confidence_final": 0.8744,
        "hazard_risk": "LOW",
        "shadow_evidence": "NEUTRAL",
        "review_status": "UNVERIFIED",
        "length_m": 0.6,
        "width_m": 0.6,
        "area_m2": 0.36,
        "relief_height_m": 0.28,
        "bbox": [
          138.0,
          208.0,
          174.0,
          244.0
        ],
        "coordinate_frame": "LOCAL_TRACK_METRIC"
      }
    },
    {
      "type": "Feature",
      "id": "bg_1693569664.840_x0.jpg_tgt-02",
      "geometry": {
        "type": "Point",
        "coordinates": [
          -10.0,
          38.1
        ]
      },
      "properties": {
        "image_name": "bg_1693569664.840_x0.jpg",
        "target_id": "tgt-02",
        "class_name": "ghost_net",
        "confidence_ai": 0.8738,
        "confidence_final": 0.8738,
        "hazard_risk": "MEDIUM",
        "shadow_evidence": "NEUTRAL",
        "review_status": "UNVERIFIED",
        "length_m": 0.45,
        "width_m": 0.7,
        "area_m2": 0.32,
        "relief_height_m": 2.11,
        "bbox": [
          237.0,
          43.0,
          275.0,
          76.0
        ],
        "coordinate_frame": "LOCAL_TRACK_METRIC"
      }
    },
    {
      "type": "Feature",
      "id": "bg_1693569664.840_x0.jpg_tgt-03",
      "geometry": {
        "type": "Point",
        "coordinates": [
          36.09,
          -13.4
        ]
      },
      "properties": {
        "image_name": "bg_1693569664.840_x0.jpg",
        "target_id": "tgt-03",
        "class_name": "ghost_net",
        "confidence_ai": 0.8649,
        "confidence_final": 0.8649,
        "hazard_risk": "MEDIUM",
        "shadow_evidence": "NEUTRAL",
        "review_status": "UNVERIFIED",
        "length_m": 0.5,
        "width_m": 0.7,
        "area_m2": 0.35,
        "relief_height_m": 0.7,
        "bbox": [
          532.0,
          300.0,
          570.0,
          334.0
        ],
        "coordinate_frame": "LOCAL_TRACK_METRIC"
      }
    },
    {
      "type": "Feature",
      "id": "bg_1693569664.840_x0.jpg_tgt-04",
      "geometry": {
        "type": "Point",
        "coordinates": [
          -26.64,
          -30.4
        ]
      },
      "properties": {
        "image_name": "bg_1693569664.840_x0.jpg",
        "target_id": "tgt-04",
        "class_name": "crab_pot",
        "confidence_ai": 0.864,
        "confidence_final": 0.864,
        "hazard_risk": "LOW",
        "shadow_evidence": "NEUTRAL",
        "review_status": "UNVERIFIED",
        "length_m": 0.5,
        "width_m": 0.65,
        "area_m2": 0.33,
        "relief_height_m": 0.48,
        "bbox": [
          131.0,
          385.0,
          168.0,
          419.0
        ],
        "coordinate_frame": "LOCAL_TRACK_METRIC"
      }
    },
    {
      "type": "Feature",
      "id": "bg_1693569664.840_x0.jpg_tgt-05",
      "geometry": {
        "type": "Point",
        "coordinates": [
          -3.44,
          -48.9
        ]
      },
      "properties": {
        "image_name": "bg_1693569664.840_x0.jpg",
        "target_id": "tgt-05",
        "class_name": "crab_pot",
        "confidence_ai": 0.8631,
        "confidence_final": 0.8631,
        "hazard_risk": "LOW",
        "shadow_evidence": "NEUTRAL",
        "review_status": "UNVERIFIED",
        "length_m": 0.55,
        "width_m": 0.7,
        "area_m2": 0.39,
        "relief_height_m": 2.13,
        "bbox": [
          279.0,
          477.0,
          317.0,
          500.0
        ],
        "coordinate_frame": "LOCAL_TRACK_METRIC"
      }
    },
    {
      "type": "Feature",
      "id": "bg_1693569664.840_x0.jpg_tgt-06",
      "geometry": {
        "type": "Point",
        "coordinates": [
          13.44,
          33.0
        ]
      },
      "properties": {
        "image_name": "bg_1693569664.840_x0.jpg",
        "target_id": "tgt-06",
        "class_name": "submarine_pipeline",
        "confidence_ai": 0.8579,
        "confidence_final": 0.8579,
        "hazard_risk": "HIGH",
        "shadow_evidence": "NEUTRAL",
        "review_status": "UNVERIFIED",
        "length_m": 0.5,
        "width_m": 1.0,
        "area_m2": 0.5,
        "relief_height_m": 2.17,
        "bbox": [
          384.0,
          68.0,
          428.0,
          102.0
        ],
        "coordinate_frame": "LOCAL_TRACK_METRIC"
      }
    },
    {
      "type": "Feature",
      "id": "bg_1693569664.840_x0.jpg_tgt-07",
      "geometry": {
        "type": "Point",
        "coordinates": [
          -15.0,
          -3.2
        ]
      },
      "properties": {
        "image_name": "bg_1693569664.840_x0.jpg",
        "target_id": "tgt-07",
        "class_name": "submarine_pipeline",
        "confidence_ai": 0.8544,
        "confidence_final": 0.8544,
        "hazard_risk": "HIGH",
        "shadow_evidence": "NEUTRAL",
        "review_status": "UNVERIFIED",
        "length_m": 0.5,
        "width_m": 1.1,
        "area_m2": 0.55,
        "relief_height_m": 3.26,
        "bbox": [
          201.0,
          249.0,
          247.0,
          283.0
        ],
        "coordinate_frame": "LOCAL_TRACK_METRIC"
      }
    },
    {
      "type": "Feature",
      "id": "bg_1693569664.840_x0.jpg_tgt-08",
      "geometry": {
        "type": "Point",
        "coordinates": [
          -25.47,
          -49.3
        ]
      },
      "properties": {
        "image_name": "bg_1693569664.840_x0.jpg",
        "target_id": "tgt-08",
        "class_name": "submarine_pipeline",
        "confidence_ai": 0.8533,
        "confidence_final": 0.8533,
        "hazard_risk": "HIGH",
        "shadow_evidence": "NEUTRAL",
        "review_status": "UNVERIFIED",
        "length_m": 0.4,
        "width_m": 0.9,
        "area_m2": 0.32,
        "relief_height_m": 0.46,
        "bbox": [
          136.0,
          481.0,
          178.0,
          500.0
        ],
        "coordinate_frame": "LOCAL_TRACK_METRIC"
      }
    },
    {
      "type": "Feature",
      "id": "bg_1693569686.840_x2000.jpg_tgt-01",
      "geometry": {
        "type": "Point",
        "coordinates": [
          -42.66,
          -49.2
        ]
      },
      "properties": {
        "image_name": "bg_1693569686.840_x2000.jpg",
        "target_id": "tgt-01",
        "class_name": "ghost_net",
        "confidence_ai": 0.96,
        "confidence_final": 0.96,
        "hazard_risk": "MEDIUM",
        "shadow_evidence": "NEUTRAL",
        "review_status": "UNVERIFIED",
        "length_m": 0.4,
        "width_m": 0.7,
        "area_m2": 0.28,
        "relief_height_m": 0.17,
        "bbox": [
          28.0,
          480.0,
          66.0,
          500.0
        ],
        "coordinate_frame": "LOCAL_TRACK_METRIC"
      }
    },
    {
      "type": "Feature",
      "id": "bg_1693569686.840_x2000.jpg_tgt-02",
      "geometry": {
        "type": "Point",
        "coordinates": [
          -29.45,
          -48.8
        ]
      },
      "properties": {
        "image_name": "bg_1693569686.840_x2000.jpg",
        "target_id": "tgt-02",
        "class_name": "crab_pot",
        "confidence_ai": 0.96,
        "confidence_final": 0.96,
        "hazard_risk": "LOW",
        "shadow_evidence": "NEUTRAL",
        "review_status": "UNVERIFIED",
        "length_m": 0.6,
        "width_m": 0.65,
        "area_m2": 0.39,
        "relief_height_m": 0.32,
        "bbox": [
          113.0,
          476.0,
          150.0,
          500.0
        ],
        "coordinate_frame": "LOCAL_TRACK_METRIC"
      }
    },
    {
      "type": "Feature",
      "id": "bg_1693569686.840_x2000.jpg_tgt-03",
      "geometry": {
        "type": "Point",
        "coordinates": [
          -27.27,
          -24.3
        ]
      },
      "properties": {
        "image_name": "bg_1693569686.840_x2000.jpg",
        "target_id": "tgt-03",
        "class_name": "crab_pot",
        "confidence_ai": 0.96,
        "confidence_final": 0.96,
        "hazard_risk": "LOW",
        "shadow_evidence": "NEUTRAL",
        "review_status": "UNVERIFIED",
        "length_m": 0.65,
        "width_m": 0.65,
        "area_m2": 0.42,
        "relief_height_m": 1.17,
        "bbox": [
          127.0,
          353.0,
          164.0,
          390.0
        ],
        "coordinate_frame": "LOCAL_TRACK_METRIC"
      }
    },
    {
      "type": "Feature",
      "id": "bg_1693569686.840_x2000.jpg_tgt-04",
      "geometry": {
        "type": "Point",
        "coordinates": [
          -47.58,
          -24.4
        ]
      },
      "properties": {
        "image_name": "bg_1693569686.840_x2000.jpg",
        "target_id": "tgt-04",
        "class_name": "submarine_pipeline",
        "confidence_ai": 0.96,
        "confidence_final": 0.96,
        "hazard_risk": "HIGH",
        "shadow_evidence": "NEUTRAL",
        "review_status": "UNVERIFIED",
        "length_m": 0.8,
        "width_m": 1.55,
        "area_m2": 1.24,
        "relief_height_m": 0.5,
        "bbox": [
          0.0,
          352.0,
          43.0,
          392.0
        ],
        "coordinate_frame": "LOCAL_TRACK_METRIC"
      }
    },
    {
      "type": "Feature",
      "id": "bg_1693569686.840_x2000.jpg_tgt-05",
      "geometry": {
        "type": "Point",
        "coordinates": [
          -11.09,
          12.8
        ]
      },
      "properties": {
        "image_name": "bg_1693569686.840_x2000.jpg",
        "target_id": "tgt-05",
        "class_name": "crab_pot",
        "confidence_ai": 0.96,
        "confidence_final": 0.96,
        "hazard_risk": "LOW",
        "shadow_evidence": "NEUTRAL",
        "review_status": "UNVERIFIED",
        "length_m": 0.6,
        "width_m": 0.6,
        "area_m2": 0.36,
        "relief_height_m": 0.43,
        "bbox": [
          231.0,
          168.0,
          267.0,
          204.0
        ],
        "coordinate_frame": "LOCAL_TRACK_METRIC"
      }
    },
    {
      "type": "Feature",
      "id": "bg_1693569686.840_x2000.jpg_tgt-06",
      "geometry": {
        "type": "Point",
        "coordinates": [
          -39.61,
          14.1
        ]
      },
      "properties": {
        "image_name": "bg_1693569686.840_x2000.jpg",
        "target_id": "tgt-06",
        "class_name": "ghost_net",
        "confidence_ai": 0.96,
        "confidence_final": 0.96,
        "hazard_risk": "MEDIUM",
        "shadow_evidence": "NEUTRAL",
        "review_status": "UNVERIFIED",
        "length_m": 0.55,
        "width_m": 0.95,
        "area_m2": 0.52,
        "relief_height_m": 0.39,
        "bbox": [
          45.0,
          162.0,
          88.0,
          197.0
        ],
        "coordinate_frame": "LOCAL_TRACK_METRIC"
      }
    },
    {
      "type": "Feature",
      "id": "bg_1693569686.840_x2000.jpg_tgt-07",
      "geometry": {
        "type": "Point",
        "coordinates": [
          -42.58,
          43.4
        ]
      },
      "properties": {
        "image_name": "bg_1693569686.840_x2000.jpg",
        "target_id": "tgt-07",
        "class_name": "submarine_pipeline",
        "confidence_ai": 0.96,
        "confidence_final": 0.96,
        "hazard_risk": "HIGH",
        "shadow_evidence": "NEUTRAL",
        "review_status": "UNVERIFIED",
        "length_m": 0.5,
        "width_m": 1.15,
        "area_m2": 0.57,
        "relief_height_m": 0.2,
        "bbox": [
          24.0,
          16.0,
          71.0,
          50.0
        ],
        "coordinate_frame": "LOCAL_TRACK_METRIC"
      }
    },
    {
      "type": "Feature",
      "id": "bg_1693569686.840_x2000.jpg_tgt-08",
      "geometry": {
        "type": "Point",
        "coordinates": [
          -28.91,
          -24.4
        ]
      },
      "properties": {
        "image_name": "bg_1693569686.840_x2000.jpg",
        "target_id": "tgt-08",
        "class_name": "crab_pot",
        "confidence_ai": 0.9563,
        "confidence_final": 0.9563,
        "hazard_risk": "LOW",
        "shadow_evidence": "NEUTRAL",
        "review_status": "UNVERIFIED",
        "length_m": 0.6,
        "width_m": 0.6,
        "area_m2": 0.36,
        "relief_height_m": 0.78,
        "bbox": [
          117.0,
          354.0,
          153.0,
          390.0
        ],
        "coordinate_frame": "LOCAL_TRACK_METRIC"
      }
    },
    {
      "type": "Feature",
      "id": "bg_1693569694.840_x0.jpg_tgt-01",
      "geometry": {
        "type": "Point",
        "coordinates": [
          10.0,
          -49.1
        ]
      },
      "properties": {
        "image_name": "bg_1693569694.840_x0.jpg",
        "target_id": "tgt-01",
        "class_name": "crab_pot",
        "confidence_ai": 0.883,
        "confidence_final": 0.883,
        "hazard_risk": "LOW",
        "shadow_evidence": "NEUTRAL",
        "review_status": "UNVERIFIED",
        "length_m": 0.45,
        "width_m": 0.6,
        "area_m2": 0.27,
        "relief_height_m": 3.08,
        "bbox": [
          366.0,
          479.0,
          402.0,
          500.0
        ],
        "coordinate_frame": "LOCAL_TRACK_METRIC"
      }
    },
    {
      "type": "Feature",
      "id": "bg_1693569694.840_x0.jpg_tgt-02",
      "geometry": {
        "type": "Point",
        "coordinates": [
          44.45,
          19.1
        ]
      },
      "properties": {
        "image_name": "bg_1693569694.840_x0.jpg",
        "target_id": "tgt-02",
        "class_name": "submarine_pipeline",
        "confidence_ai": 0.8735,
        "confidence_final": 0.8735,
        "hazard_risk": "HIGH",
        "shadow_evidence": "NEUTRAL",
        "review_status": "UNVERIFIED",
        "length_m": 0.45,
        "width_m": 1.25,
        "area_m2": 0.56,
        "relief_height_m": 0.6,
        "bbox": [
          580.0,
          138.0,
          629.0,
          171.0
        ],
        "coordinate_frame": "LOCAL_TRACK_METRIC"
      }
    },
    {
      "type": "Feature",
      "id": "bg_1693569694.840_x0.jpg_tgt-03",
      "geometry": {
        "type": "Point",
        "coordinates": [
          48.12,
          -49.1
        ]
      },
      "properties": {
        "image_name": "bg_1693569694.840_x0.jpg",
        "target_id": "tgt-03",
        "class_name": "submarine_pipeline",
        "confidence_ai": 0.8705,
        "confidence_final": 0.8705,
        "hazard_risk": "HIGH",
        "shadow_evidence": "NEUTRAL",
        "review_status": "UNVERIFIED",
        "length_m": 0.45,
        "width_m": 1.1,
        "area_m2": 0.5,
        "relief_height_m": 0.03,
        "bbox": [
          605.0,
          479.0,
          640.0,
          500.0
        ],
        "coordinate_frame": "LOCAL_TRACK_METRIC"
      }
    },
    {
      "type": "Feature",
      "id": "bg_1693569694.840_x0.jpg_tgt-04",
      "geometry": {
        "type": "Point",
        "coordinates": [
          45.08,
          12.2
        ]
      },
      "properties": {
        "image_name": "bg_1693569694.840_x0.jpg",
        "target_id": "tgt-04",
        "class_name": "ghost_net",
        "confidence_ai": 0.8564,
        "confidence_final": 0.8564,
        "hazard_risk": "MEDIUM",
        "shadow_evidence": "NEUTRAL",
        "review_status": "UNVERIFIED",
        "length_m": 0.5,
        "width_m": 0.85,
        "area_m2": 0.42,
        "relief_height_m": 0.57,
        "bbox": [
          588.0,
          172.0,
          629.0,
          206.0
        ],
        "coordinate_frame": "LOCAL_TRACK_METRIC"
      }
    },
    {
      "type": "Feature",
      "id": "bg_1693569694.840_x0.jpg_tgt-05",
      "geometry": {
        "type": "Point",
        "coordinates": [
          26.56,
          14.3
        ]
      },
      "properties": {
        "image_name": "bg_1693569694.840_x0.jpg",
        "target_id": "tgt-05",
        "class_name": "submarine_pipeline",
        "confidence_ai": 0.8558,
        "confidence_final": 0.8558,
        "hazard_risk": "HIGH",
        "shadow_evidence": "NEUTRAL",
        "review_status": "UNVERIFIED",
        "length_m": 0.45,
        "width_m": 1.0,
        "area_m2": 0.45,
        "relief_height_m": 0.49,
        "bbox": [
          468.0,
          162.0,
          512.0,
          195.0
        ],
        "coordinate_frame": "LOCAL_TRACK_METRIC"
      }
    },
    {
      "type": "Feature",
      "id": "bg_1693569694.840_x0.jpg_tgt-06",
      "geometry": {
        "type": "Point",
        "coordinates": [
          38.91,
          -45.6
        ]
      },
      "properties": {
        "image_name": "bg_1693569694.840_x0.jpg",
        "target_id": "tgt-06",
        "class_name": "crab_pot",
        "confidence_ai": 0.8538,
        "confidence_final": 0.8538,
        "hazard_risk": "LOW",
        "shadow_evidence": "NEUTRAL",
        "review_status": "UNVERIFIED",
        "length_m": 0.6,
        "width_m": 0.8,
        "area_m2": 0.48,
        "relief_height_m": 1.18,
        "bbox": [
          549.0,
          460.0,
          589.0,
          496.0
        ],
        "coordinate_frame": "LOCAL_TRACK_METRIC"
      }
    },
    {
      "type": "Feature",
      "id": "bg_1693569694.840_x0.jpg_tgt-07",
      "geometry": {
        "type": "Point",
        "coordinates": [
          32.58,
          -32.2
        ]
      },
      "properties": {
        "image_name": "bg_1693569694.840_x0.jpg",
        "target_id": "tgt-07",
        "class_name": "ghost_net",
        "confidence_ai": 0.8483,
        "confidence_final": 0.8483,
        "hazard_risk": "MEDIUM",
        "shadow_evidence": "NEUTRAL",
        "review_status": "UNVERIFIED",
        "length_m": 0.5,
        "width_m": 0.75,
        "area_m2": 0.38,
        "relief_height_m": 0.44,
        "bbox": [
          509.0,
          394.0,
          548.0,
          428.0
        ],
        "coordinate_frame": "LOCAL_TRACK_METRIC"
      }
    },
    {
      "type": "Feature",
      "id": "bg_1693569694.840_x0.jpg_tgt-08",
      "geometry": {
        "type": "Point",
        "coordinates": [
          12.81,
          -41.8
        ]
      },
      "properties": {
        "image_name": "bg_1693569694.840_x0.jpg",
        "target_id": "tgt-08",
        "class_name": "crab_pot",
        "confidence_ai": 0.8467,
        "confidence_final": 0.8467,
        "hazard_risk": "LOW",
        "shadow_evidence": "NEUTRAL",
        "review_status": "UNVERIFIED",
        "length_m": 0.6,
        "width_m": 0.8,
        "area_m2": 0.48,
        "relief_height_m": 1.17,
        "bbox": [
          382.0,
          441.0,
          422.0,
          477.0
        ],
        "coordinate_frame": "LOCAL_TRACK_METRIC"
      }
    },
    {
      "type": "Feature",
      "id": "bg_1693569725.849_x0.jpg_tgt-01",
      "geometry": {
        "type": "Point",
        "coordinates": [
          -16.8,
          -30.3
        ]
      },
      "properties": {
        "image_name": "bg_1693569725.849_x0.jpg",
        "target_id": "tgt-01",
        "class_name": "ghost_net",
        "confidence_ai": 0.8716,
        "confidence_final": 0.8716,
        "hazard_risk": "MEDIUM",
        "shadow_evidence": "NEUTRAL",
        "review_status": "UNVERIFIED",
        "length_m": 0.45,
        "width_m": 0.75,
        "area_m2": 0.34,
        "relief_height_m": 2.12,
        "bbox": [
          193.0,
          385.0,
          232.0,
          418.0
        ],
        "coordinate_frame": "LOCAL_TRACK_METRIC"
      }
    },
    {
      "type": "Feature",
      "id": "bg_1693569725.849_x0.jpg_tgt-02",
      "geometry": {
        "type": "Point",
        "coordinates": [
          -9.3,
          -18.7
        ]
      },
      "properties": {
        "image_name": "bg_1693569725.849_x0.jpg",
        "target_id": "tgt-02",
        "class_name": "submarine_pipeline",
        "confidence_ai": 0.8681,
        "confidence_final": 0.8681,
        "hazard_risk": "HIGH",
        "shadow_evidence": "NEUTRAL",
        "review_status": "UNVERIFIED",
        "length_m": 0.45,
        "width_m": 0.85,
        "area_m2": 0.38,
        "relief_height_m": 3.68,
        "bbox": [
          240.0,
          327.0,
          281.0,
          360.0
        ],
        "coordinate_frame": "LOCAL_TRACK_METRIC"
      }
    },
    {
      "type": "Feature",
      "id": "bg_1693569725.849_x0.jpg_tgt-03",
      "geometry": {
        "type": "Point",
        "coordinates": [
          27.42,
          -46.9
        ]
      },
      "properties": {
        "image_name": "bg_1693569725.849_x0.jpg",
        "target_id": "tgt-03",
        "class_name": "crab_pot",
        "confidence_ai": 0.8627,
        "confidence_final": 0.8627,
        "hazard_risk": "LOW",
        "shadow_evidence": "NEUTRAL",
        "review_status": "UNVERIFIED",
        "length_m": 0.55,
        "width_m": 0.65,
        "area_m2": 0.36,
        "relief_height_m": 0.71,
        "bbox": [
          477.0,
          467.0,
          514.0,
          500.0
        ],
        "coordinate_frame": "LOCAL_TRACK_METRIC"
      }
    },
    {
      "type": "Feature",
      "id": "bg_1693569725.849_x0.jpg_tgt-04",
      "geometry": {
        "type": "Point",
        "coordinates": [
          -18.91,
          -49.0
        ]
      },
      "properties": {
        "image_name": "bg_1693569725.849_x0.jpg",
        "target_id": "tgt-04",
        "class_name": "submarine_pipeline",
        "confidence_ai": 0.8599,
        "confidence_final": 0.8599,
        "hazard_risk": "HIGH",
        "shadow_evidence": "NEUTRAL",
        "review_status": "UNVERIFIED",
        "length_m": 0.5,
        "width_m": 1.2,
        "area_m2": 0.6,
        "relief_height_m": 1.32,
        "bbox": [
          175.0,
          478.0,
          223.0,
          500.0
        ],
        "coordinate_frame": "LOCAL_TRACK_METRIC"
      }
    },
    {
      "type": "Feature",
      "id": "bg_1693569725.849_x0.jpg_tgt-05",
      "geometry": {
        "type": "Point",
        "coordinates": [
          40.23,
          41.7
        ]
      },
      "properties": {
        "image_name": "bg_1693569725.849_x0.jpg",
        "target_id": "tgt-05",
        "class_name": "crab_pot",
        "confidence_ai": 0.856,
        "confidence_final": 0.856,
        "hazard_risk": "LOW",
        "shadow_evidence": "NEUTRAL",
        "review_status": "UNVERIFIED",
        "length_m": 0.55,
        "width_m": 0.65,
        "area_m2": 0.36,
        "relief_height_m": 1.08,
        "bbox": [
          559.0,
          24.0,
          596.0,
          59.0
        ],
        "coordinate_frame": "LOCAL_TRACK_METRIC"
      }
    },
    {
      "type": "Feature",
      "id": "bg_1693569725.849_x0.jpg_tgt-06",
      "geometry": {
        "type": "Point",
        "coordinates": [
          -5.31,
          -46.5
        ]
      },
      "properties": {
        "image_name": "bg_1693569725.849_x0.jpg",
        "target_id": "tgt-06",
        "class_name": "crab_pot",
        "confidence_ai": 0.855,
        "confidence_final": 0.855,
        "hazard_risk": "LOW",
        "shadow_evidence": "NEUTRAL",
        "review_status": "UNVERIFIED",
        "length_m": 0.55,
        "width_m": 0.6,
        "area_m2": 0.33,
        "relief_height_m": 4.32,
        "bbox": [
          268.0,
          465.0,
          304.0,
          500.0
        ],
        "coordinate_frame": "LOCAL_TRACK_METRIC"
      }
    },
    {
      "type": "Feature",
      "id": "bg_1693569725.849_x0.jpg_tgt-07",
      "geometry": {
        "type": "Point",
        "coordinates": [
          44.77,
          15.2
        ]
      },
      "properties": {
        "image_name": "bg_1693569725.849_x0.jpg",
        "target_id": "tgt-07",
        "class_name": "submarine_pipeline",
        "confidence_ai": 0.8549,
        "confidence_final": 0.8549,
        "hazard_risk": "HIGH",
        "shadow_evidence": "NEUTRAL",
        "review_status": "UNVERIFIED",
        "length_m": 0.5,
        "width_m": 1.65,
        "area_m2": 0.82,
        "relief_height_m": 0.45,
        "bbox": [
          578.0,
          157.0,
          635.0,
          191.0
        ],
        "coordinate_frame": "LOCAL_TRACK_METRIC"
      }
    },
    {
      "type": "Feature",
      "id": "bg_1693569725.849_x0.jpg_tgt-08",
      "geometry": {
        "type": "Point",
        "coordinates": [
          -20.23,
          22.2
        ]
      },
      "properties": {
        "image_name": "bg_1693569725.849_x0.jpg",
        "target_id": "tgt-08",
        "class_name": "ghost_net",
        "confidence_ai": 0.8545,
        "confidence_final": 0.8545,
        "hazard_risk": "MEDIUM",
        "shadow_evidence": "NEUTRAL",
        "review_status": "UNVERIFIED",
        "length_m": 0.5,
        "width_m": 0.85,
        "area_m2": 0.42,
        "relief_height_m": 0.73,
        "bbox": [
          170.0,
          122.0,
          211.0,
          156.0
        ],
        "coordinate_frame": "LOCAL_TRACK_METRIC"
      }
    },
    {
      "type": "Feature",
      "id": "bg_1693569814.869_x0.jpg_tgt-01",
      "geometry": {
        "type": "Point",
        "coordinates": [
          7.19,
          -49.4
        ]
      },
      "properties": {
        "image_name": "bg_1693569814.869_x0.jpg",
        "target_id": "tgt-01",
        "class_name": "submarine_pipeline",
        "confidence_ai": 0.8748,
        "confidence_final": 0.8748,
        "hazard_risk": "HIGH",
        "shadow_evidence": "NEUTRAL",
        "review_status": "UNVERIFIED",
        "length_m": 0.4,
        "width_m": 1.1,
        "area_m2": 0.33,
        "relief_height_m": 3.72,
        "bbox": [
          343.0,
          482.0,
          389.0,
          500.0
        ],
        "coordinate_frame": "LOCAL_TRACK_METRIC"
      }
    },
    {
      "type": "Feature",
      "id": "bg_1693569814.869_x0.jpg_tgt-02",
      "geometry": {
        "type": "Point",
        "coordinates": [
          -0.78,
          -27.2
        ]
      },
      "properties": {
        "image_name": "bg_1693569814.869_x0.jpg",
        "target_id": "tgt-02",
        "class_name": "ghost_net",
        "confidence_ai": 0.8663,
        "confidence_final": 0.8663,
        "hazard_risk": "MEDIUM",
        "shadow_evidence": "NEUTRAL",
        "review_status": "UNVERIFIED",
        "length_m": 0.5,
        "width_m": 0.7,
        "area_m2": 0.35,
        "relief_height_m": 6.92,
        "bbox": [
          296.0,
          369.0,
          334.0,
          403.0
        ],
        "coordinate_frame": "LOCAL_TRACK_METRIC"
      }
    },
    {
      "type": "Feature",
      "id": "bg_1693569814.869_x0.jpg_tgt-03",
      "geometry": {
        "type": "Point",
        "coordinates": [
          -7.73,
          -36.2
        ]
      },
      "properties": {
        "image_name": "bg_1693569814.869_x0.jpg",
        "target_id": "tgt-03",
        "class_name": "crab_pot",
        "confidence_ai": 0.8617,
        "confidence_final": 0.8617,
        "hazard_risk": "LOW",
        "shadow_evidence": "NEUTRAL",
        "review_status": "UNVERIFIED",
        "length_m": 0.5,
        "width_m": 0.65,
        "area_m2": 0.33,
        "relief_height_m": 3.56,
        "bbox": [
          252.0,
          414.0,
          289.0,
          448.0
        ],
        "coordinate_frame": "LOCAL_TRACK_METRIC"
      }
    },
    {
      "type": "Feature",
      "id": "bg_1693569814.869_x0.jpg_tgt-04",
      "geometry": {
        "type": "Point",
        "coordinates": [
          -14.92,
          -49.3
        ]
      },
      "properties": {
        "image_name": "bg_1693569814.869_x0.jpg",
        "target_id": "tgt-04",
        "class_name": "submarine_pipeline",
        "confidence_ai": 0.855,
        "confidence_final": 0.855,
        "hazard_risk": "HIGH",
        "shadow_evidence": "NEUTRAL",
        "review_status": "UNVERIFIED",
        "length_m": 0.4,
        "width_m": 0.85,
        "area_m2": 0.3,
        "relief_height_m": 1.7,
        "bbox": [
          204.0,
          481.0,
          245.0,
          500.0
        ],
        "coordinate_frame": "LOCAL_TRACK_METRIC"
      }
    },
    {
      "type": "Feature",
      "id": "bg_1693569814.869_x0.jpg_tgt-05",
      "geometry": {
        "type": "Point",
        "coordinates": [
          44.3,
          10.3
        ]
      },
      "properties": {
        "image_name": "bg_1693569814.869_x0.jpg",
        "target_id": "tgt-05",
        "class_name": "submarine_pipeline",
        "confidence_ai": 0.8545,
        "confidence_final": 0.8545,
        "hazard_risk": "HIGH",
        "shadow_evidence": "NEUTRAL",
        "review_status": "UNVERIFIED",
        "length_m": 0.45,
        "width_m": 0.95,
        "area_m2": 0.43,
        "relief_height_m": 0.43,
        "bbox": [
          582.0,
          182.0,
          625.0,
          215.0
        ],
        "coordinate_frame": "LOCAL_TRACK_METRIC"
      }
    },
    {
      "type": "Feature",
      "id": "bg_1693569814.869_x0.jpg_tgt-06",
      "geometry": {
        "type": "Point",
        "coordinates": [
          -14.84,
          -16.3
        ]
      },
      "properties": {
        "image_name": "bg_1693569814.869_x0.jpg",
        "target_id": "tgt-06",
        "class_name": "ghost_net",
        "confidence_ai": 0.8542,
        "confidence_final": 0.8542,
        "hazard_risk": "MEDIUM",
        "shadow_evidence": "NEUTRAL",
        "review_status": "UNVERIFIED",
        "length_m": 0.55,
        "width_m": 0.9,
        "area_m2": 0.5,
        "relief_height_m": 1.56,
        "bbox": [
          204.0,
          314.0,
          246.0,
          349.0
        ],
        "coordinate_frame": "LOCAL_TRACK_METRIC"
      }
    },
    {
      "type": "Feature",
      "id": "bg_1693569814.869_x0.jpg_tgt-07",
      "geometry": {
        "type": "Point",
        "coordinates": [
          49.14,
          33.2
        ]
      },
      "properties": {
        "image_name": "bg_1693569814.869_x0.jpg",
        "target_id": "tgt-07",
        "class_name": "crab_pot",
        "confidence_ai": 0.8527,
        "confidence_final": 0.8527,
        "hazard_risk": "LOW",
        "shadow_evidence": "NEUTRAL",
        "review_status": "UNVERIFIED",
        "length_m": 0.5,
        "width_m": 0.55,
        "area_m2": 0.28,
        "relief_height_m": 0.5,
        "bbox": [
          617.0,
          67.0,
          640.0,
          101.0
        ],
        "coordinate_frame": "LOCAL_TRACK_METRIC"
      }
    },
    {
      "type": "Feature",
      "id": "bg_1693569814.869_x0.jpg_tgt-08",
      "geometry": {
        "type": "Point",
        "coordinates": [
          46.33,
          12.4
        ]
      },
      "properties": {
        "image_name": "bg_1693569814.869_x0.jpg",
        "target_id": "tgt-08",
        "class_name": "ghost_net",
        "confidence_ai": 0.8487,
        "confidence_final": 0.9487,
        "hazard_risk": "MEDIUM",
        "shadow_evidence": "SUPPORTING",
        "review_status": "VERIFIED_3D",
        "length_m": 0.5,
        "width_m": 0.85,
        "area_m2": 0.42,
        "relief_height_m": 0.39,
        "bbox": [
          596.0,
          171.0,
          637.0,
          205.0
        ],
        "coordinate_frame": "LOCAL_TRACK_METRIC"
      }
    },
    {
      "type": "Feature",
      "id": "Contact_101_sslo_png_jpg.rf.129d97ac37fee40e19e9fdd547125845.jpg_tgt-01",
      "geometry": {
        "type": "Point",
        "coordinates": [
          1.72,
          -48.91
        ]
      },
      "properties": {
        "image_name": "Contact_101_sslo_png_jpg.rf.129d97ac37fee40e19e9fdd547125845.jpg",
        "target_id": "tgt-01",
        "class_name": "crab_pot",
        "confidence_ai": 0.96,
        "confidence_final": 0.96,
        "hazard_risk": "LOW",
        "shadow_evidence": "NEUTRAL",
        "review_status": "UNVERIFIED",
        "length_m": 0.7,
        "width_m": 0.7,
        "area_m2": 0.49,
        "relief_height_m": 3.11,
        "bbox": [
          312.0,
          614.0,
          350.0,
          640.0
        ],
        "coordinate_frame": "LOCAL_TRACK_METRIC"
      }
    },
    {
      "type": "Feature",
      "id": "Contact_101_sslo_png_jpg.rf.129d97ac37fee40e19e9fdd547125845.jpg_tgt-02",
      "geometry": {
        "type": "Point",
        "coordinates": [
          3.36,
          -47.66
        ]
      },
      "properties": {
        "image_name": "Contact_101_sslo_png_jpg.rf.129d97ac37fee40e19e9fdd547125845.jpg",
        "target_id": "tgt-02",
        "class_name": "crab_pot",
        "confidence_ai": 0.96,
        "confidence_final": 0.96,
        "hazard_risk": "LOW",
        "shadow_evidence": "NEUTRAL",
        "review_status": "UNVERIFIED",
        "length_m": 0.7,
        "width_m": 0.85,
        "area_m2": 0.59,
        "relief_height_m": 2.21,
        "bbox": [
          321.0,
          606.0,
          362.0,
          640.0
        ],
        "coordinate_frame": "LOCAL_TRACK_METRIC"
      }
    },
    {
      "type": "Feature",
      "id": "Contact_101_sslo_png_jpg.rf.129d97ac37fee40e19e9fdd547125845.jpg_tgt-03",
      "geometry": {
        "type": "Point",
        "coordinates": [
          8.75,
          -0.08
        ]
      },
      "properties": {
        "image_name": "Contact_101_sslo_png_jpg.rf.129d97ac37fee40e19e9fdd547125845.jpg",
        "target_id": "tgt-03",
        "class_name": "ghost_net",
        "confidence_ai": 0.96,
        "confidence_final": 0.98,
        "hazard_risk": "MEDIUM",
        "shadow_evidence": "SUPPORTING",
        "review_status": "VERIFIED_3D",
        "length_m": 0.75,
        "width_m": 0.5,
        "area_m2": 0.38,
        "relief_height_m": 3.33,
        "bbox": [
          359.0,
          301.0,
          393.0,
          340.0
        ],
        "coordinate_frame": "LOCAL_TRACK_METRIC"
      }
    },
    {
      "type": "Feature",
      "id": "Contact_101_sslo_png_jpg.rf.129d97ac37fee40e19e9fdd547125845.jpg_tgt-04",
      "geometry": {
        "type": "Point",
        "coordinates": [
          0.31,
          22.81
        ]
      },
      "properties": {
        "image_name": "Contact_101_sslo_png_jpg.rf.129d97ac37fee40e19e9fdd547125845.jpg",
        "target_id": "tgt-04",
        "class_name": "ghost_net",
        "confidence_ai": 0.96,
        "confidence_final": 0.98,
        "hazard_risk": "MEDIUM",
        "shadow_evidence": "SUPPORTING",
        "review_status": "VERIFIED_3D",
        "length_m": 1.0,
        "width_m": 1.9,
        "area_m2": 1.9,
        "relief_height_m": 7.36,
        "bbox": [
          291.0,
          152.0,
          353.0,
          196.0
        ],
        "coordinate_frame": "LOCAL_TRACK_METRIC"
      }
    },
    {
      "type": "Feature",
      "id": "Contact_101_sslo_png_jpg.rf.129d97ac37fee40e19e9fdd547125845.jpg_tgt-05",
      "geometry": {
        "type": "Point",
        "coordinates": [
          -1.72,
          44.53
        ]
      },
      "properties": {
        "image_name": "Contact_101_sslo_png_jpg.rf.129d97ac37fee40e19e9fdd547125845.jpg",
        "target_id": "tgt-05",
        "class_name": "submarine_pipeline",
        "confidence_ai": 0.96,
        "confidence_final": 0.96,
        "hazard_risk": "HIGH",
        "shadow_evidence": "NEUTRAL",
        "review_status": "UNVERIFIED",
        "length_m": 0.5,
        "width_m": 1.0,
        "area_m2": 0.5,
        "relief_height_m": 4.74,
        "bbox": [
          287.0,
          18.0,
          331.0,
          52.0
        ],
        "coordinate_frame": "LOCAL_TRACK_METRIC"
      }
    },
    {
      "type": "Feature",
      "id": "Contact_101_sslo_png_jpg.rf.129d97ac37fee40e19e9fdd547125845.jpg_tgt-06",
      "geometry": {
        "type": "Point",
        "coordinates": [
          -3.67,
          49.06
        ]
      },
      "properties": {
        "image_name": "Contact_101_sslo_png_jpg.rf.129d97ac37fee40e19e9fdd547125845.jpg",
        "target_id": "tgt-06",
        "class_name": "crab_pot",
        "confidence_ai": 0.96,
        "confidence_final": 0.98,
        "hazard_risk": "LOW",
        "shadow_evidence": "SUPPORTING",
        "review_status": "VERIFIED_3D",
        "length_m": 0.6,
        "width_m": 0.95,
        "area_m2": 0.57,
        "relief_height_m": 5.63,
        "bbox": [
          275.0,
          0.0,
          318.0,
          24.0
        ],
        "coordinate_frame": "LOCAL_TRACK_METRIC"
      }
    },
    {
      "type": "Feature",
      "id": "Contact_101_sslo_png_jpg.rf.129d97ac37fee40e19e9fdd547125845.jpg_tgt-07",
      "geometry": {
        "type": "Point",
        "coordinates": [
          1.8,
          -15.86
        ]
      },
      "properties": {
        "image_name": "Contact_101_sslo_png_jpg.rf.129d97ac37fee40e19e9fdd547125845.jpg",
        "target_id": "tgt-07",
        "class_name": "crab_pot",
        "confidence_ai": 0.952,
        "confidence_final": 0.952,
        "hazard_risk": "LOW",
        "shadow_evidence": "NEUTRAL",
        "review_status": "UNVERIFIED",
        "length_m": 0.55,
        "width_m": 0.75,
        "area_m2": 0.41,
        "relief_height_m": 4.33,
        "bbox": [
          312.0,
          404.0,
          351.0,
          439.0
        ],
        "coordinate_frame": "LOCAL_TRACK_METRIC"
      }
    },
    {
      "type": "Feature",
      "id": "Contact_101_sslo_png_jpg.rf.129d97ac37fee40e19e9fdd547125845.jpg_tgt-08",
      "geometry": {
        "type": "Point",
        "coordinates": [
          -5.31,
          38.44
        ]
      },
      "properties": {
        "image_name": "Contact_101_sslo_png_jpg.rf.129d97ac37fee40e19e9fdd547125845.jpg",
        "target_id": "tgt-08",
        "class_name": "submarine_pipeline",
        "confidence_ai": 0.937,
        "confidence_final": 0.937,
        "hazard_risk": "HIGH",
        "shadow_evidence": "NEUTRAL",
        "review_status": "UNVERIFIED",
        "length_m": 0.5,
        "width_m": 0.9,
        "area_m2": 0.45,
        "relief_height_m": 1.52,
        "bbox": [
          265.0,
          57.0,
          307.0,
          91.0
        ],
        "coordinate_frame": "LOCAL_TRACK_METRIC"
      }
    },
    {
      "type": "Feature",
      "id": "Contact_102_sslo_png_jpg.rf.dbbd50709d138d776c576688f3b97d0a.jpg_tgt-01",
      "geometry": {
        "type": "Point",
        "coordinates": [
          -3.2,
          -40.39
        ]
      },
      "properties": {
        "image_name": "Contact_102_sslo_png_jpg.rf.dbbd50709d138d776c576688f3b97d0a.jpg",
        "target_id": "tgt-01",
        "class_name": "crab_pot",
        "confidence_ai": 0.96,
        "confidence_final": 0.96,
        "hazard_risk": "LOW",
        "shadow_evidence": "NEUTRAL",
        "review_status": "UNVERIFIED",
        "length_m": 0.65,
        "width_m": 0.55,
        "area_m2": 0.36,
        "relief_height_m": 0.36,
        "bbox": [
          282.0,
          560.0,
          317.0,
          597.0
        ],
        "coordinate_frame": "LOCAL_TRACK_METRIC"
      }
    },
    {
      "type": "Feature",
      "id": "Contact_102_sslo_png_jpg.rf.dbbd50709d138d776c576688f3b97d0a.jpg_tgt-02",
      "geometry": {
        "type": "Point",
        "coordinates": [
          0.0,
          0.78
        ]
      },
      "properties": {
        "image_name": "Contact_102_sslo_png_jpg.rf.dbbd50709d138d776c576688f3b97d0a.jpg",
        "target_id": "tgt-02",
        "class_name": "crab_pot",
        "confidence_ai": 0.96,
        "confidence_final": 0.96,
        "hazard_risk": "LOW",
        "shadow_evidence": "NEUTRAL",
        "review_status": "UNVERIFIED",
        "length_m": 0.6,
        "width_m": 0.6,
        "area_m2": 0.36,
        "relief_height_m": 8.0,
        "bbox": [
          302.0,
          297.0,
          338.0,
          333.0
        ],
        "coordinate_frame": "LOCAL_TRACK_METRIC"
      }
    },
    {
      "type": "Feature",
      "id": "Contact_102_sslo_png_jpg.rf.dbbd50709d138d776c576688f3b97d0a.jpg_tgt-03",
      "geometry": {
        "type": "Point",
        "coordinates": [
          3.36,
          21.33
        ]
      },
      "properties": {
        "image_name": "Contact_102_sslo_png_jpg.rf.dbbd50709d138d776c576688f3b97d0a.jpg",
        "target_id": "tgt-03",
        "class_name": "ghost_net",
        "confidence_ai": 0.96,
        "confidence_final": 0.98,
        "hazard_risk": "MEDIUM",
        "shadow_evidence": "SUPPORTING",
        "review_status": "VERIFIED_3D",
        "length_m": 0.55,
        "width_m": 0.85,
        "area_m2": 0.47,
        "relief_height_m": 1.78,
        "bbox": [
          321.0,
          166.0,
          362.0,
          201.0
        ],
        "coordinate_frame": "LOCAL_TRACK_METRIC"
      }
    },
    {
      "type": "Feature",
      "id": "Contact_102_sslo_png_jpg.rf.dbbd50709d138d776c576688f3b97d0a.jpg_tgt-04",
      "geometry": {
        "type": "Point",
        "coordinates": [
          -3.05,
          27.66
        ]
      },
      "properties": {
        "image_name": "Contact_102_sslo_png_jpg.rf.dbbd50709d138d776c576688f3b97d0a.jpg",
        "target_id": "tgt-04",
        "class_name": "ghost_net",
        "confidence_ai": 0.96,
        "confidence_final": 0.96,
        "hazard_risk": "MEDIUM",
        "shadow_evidence": "NEUTRAL",
        "review_status": "UNVERIFIED",
        "length_m": 0.6,
        "width_m": 1.05,
        "area_m2": 0.63,
        "relief_height_m": 3.79,
        "bbox": [
          278.0,
          125.0,
          323.0,
          161.0
        ],
        "coordinate_frame": "LOCAL_TRACK_METRIC"
      }
    },
    {
      "type": "Feature",
      "id": "Contact_102_sslo_png_jpg.rf.dbbd50709d138d776c576688f3b97d0a.jpg_tgt-05",
      "geometry": {
        "type": "Point",
        "coordinates": [
          5.94,
          48.28
        ]
      },
      "properties": {
        "image_name": "Contact_102_sslo_png_jpg.rf.dbbd50709d138d776c576688f3b97d0a.jpg",
        "target_id": "tgt-05",
        "class_name": "submarine_pipeline",
        "confidence_ai": 0.96,
        "confidence_final": 0.98,
        "hazard_risk": "HIGH",
        "shadow_evidence": "SUPPORTING",
        "review_status": "VERIFIED_3D",
        "length_m": 1.1,
        "width_m": 0.5,
        "area_m2": 0.55,
        "relief_height_m": 4.1,
        "bbox": [
          341.0,
          0.0,
          375.0,
          34.0
        ],
        "coordinate_frame": "LOCAL_TRACK_METRIC"
      }
    },
    {
      "type": "Feature",
      "id": "Contact_102_sslo_png_jpg.rf.dbbd50709d138d776c576688f3b97d0a.jpg_tgt-06",
      "geometry": {
        "type": "Point",
        "coordinates": [
          -1.56,
          4.53
        ]
      },
      "properties": {
        "image_name": "Contact_102_sslo_png_jpg.rf.dbbd50709d138d776c576688f3b97d0a.jpg",
        "target_id": "tgt-06",
        "class_name": "submarine_pipeline",
        "confidence_ai": 0.9354,
        "confidence_final": 0.9354,
        "hazard_risk": "HIGH",
        "shadow_evidence": "NEUTRAL",
        "review_status": "UNVERIFIED",
        "length_m": 1.1,
        "width_m": 2.6,
        "area_m2": 2.86,
        "relief_height_m": 6.62,
        "bbox": [
          272.0,
          268.0,
          348.0,
          314.0
        ],
        "coordinate_frame": "LOCAL_TRACK_METRIC"
      }
    },
    {
      "type": "Feature",
      "id": "Contact_102_sslo_png_jpg.rf.dbbd50709d138d776c576688f3b97d0a.jpg_tgt-07",
      "geometry": {
        "type": "Point",
        "coordinates": [
          0.55,
          -36.88
        ]
      },
      "properties": {
        "image_name": "Contact_102_sslo_png_jpg.rf.dbbd50709d138d776c576688f3b97d0a.jpg",
        "target_id": "tgt-07",
        "class_name": "crab_pot",
        "confidence_ai": 0.9336,
        "confidence_final": 0.9336,
        "hazard_risk": "LOW",
        "shadow_evidence": "NEUTRAL",
        "review_status": "UNVERIFIED",
        "length_m": 0.6,
        "width_m": 0.75,
        "area_m2": 0.45,
        "relief_height_m": 6.67,
        "bbox": [
          304.0,
          538.0,
          343.0,
          574.0
        ],
        "coordinate_frame": "LOCAL_TRACK_METRIC"
      }
    },
    {
      "type": "Feature",
      "id": "Contact_102_sslo_png_jpg.rf.dbbd50709d138d776c576688f3b97d0a.jpg_tgt-08",
      "geometry": {
        "type": "Point",
        "coordinates": [
          -16.72,
          19.69
        ]
      },
      "properties": {
        "image_name": "Contact_102_sslo_png_jpg.rf.dbbd50709d138d776c576688f3b97d0a.jpg",
        "target_id": "tgt-08",
        "class_name": "submarine_pipeline",
        "confidence_ai": 0.9293,
        "confidence_final": 0.9293,
        "hazard_risk": "HIGH",
        "shadow_evidence": "NEUTRAL",
        "review_status": "UNVERIFIED",
        "length_m": 0.5,
        "width_m": 0.9,
        "area_m2": 0.45,
        "relief_height_m": 0.81,
        "bbox": [
          192.0,
          177.0,
          234.0,
          211.0
        ],
        "coordinate_frame": "LOCAL_TRACK_METRIC"
      }
    },
    {
      "type": "Feature",
      "id": "Contact_103_sslo_png_jpg.rf.53fe66a3739b5f18e390901f89cf481e.jpg_tgt-01",
      "geometry": {
        "type": "Point",
        "coordinates": [
          17.89,
          6.56
        ]
      },
      "properties": {
        "image_name": "Contact_103_sslo_png_jpg.rf.53fe66a3739b5f18e390901f89cf481e.jpg",
        "target_id": "tgt-01",
        "class_name": "crab_pot",
        "confidence_ai": 0.2694,
        "confidence_final": 0.2694,
        "hazard_risk": "LOW",
        "shadow_evidence": "NEUTRAL",
        "review_status": "UNVERIFIED",
        "length_m": 2.2,
        "width_m": 2.85,
        "area_m2": 6.27,
        "relief_height_m": 4.67,
        "bbox": [
          394.0,
          244.0,
          475.0,
          312.0
        ],
        "coordinate_frame": "LOCAL_TRACK_METRIC"
      }
    },
    {
      "type": "Feature",
      "id": "Contact_103_sslo_png_jpg.rf.53fe66a3739b5f18e390901f89cf481e.jpg_tgt-02",
      "geometry": {
        "type": "Point",
        "coordinates": [
          16.33,
          6.17
        ]
      },
      "properties": {
        "image_name": "Contact_103_sslo_png_jpg.rf.53fe66a3739b5f18e390901f89cf481e.jpg",
        "target_id": "tgt-02",
        "class_name": "crab_pot",
        "confidence_ai": 0.2114,
        "confidence_final": 0.2114,
        "hazard_risk": "LOW",
        "shadow_evidence": "NEUTRAL",
        "review_status": "UNVERIFIED",
        "length_m": 0.75,
        "width_m": 0.85,
        "area_m2": 0.64,
        "relief_height_m": 1.5,
        "bbox": [
          404.0,
          261.0,
          445.0,
          300.0
        ],
        "coordinate_frame": "LOCAL_TRACK_METRIC"
      }
    },
    {
      "type": "Feature",
      "id": "Contact_104_sslo_png_jpg.rf.22e4adfcabfab6cc53f6c4ec51d4099d.jpg_tgt-01",
      "geometry": {
        "type": "Point",
        "coordinates": [
          48.98,
          -43.59
        ]
      },
      "properties": {
        "image_name": "Contact_104_sslo_png_jpg.rf.22e4adfcabfab6cc53f6c4ec51d4099d.jpg",
        "target_id": "tgt-01",
        "class_name": "ghost_net",
        "confidence_ai": 0.96,
        "confidence_final": 0.96,
        "hazard_risk": "MEDIUM",
        "shadow_evidence": "NEUTRAL",
        "review_status": "UNVERIFIED",
        "length_m": 0.5,
        "width_m": 0.65,
        "area_m2": 0.33,
        "relief_height_m": 0.5,
        "bbox": [
          615.0,
          582.0,
          640.0,
          616.0
        ],
        "coordinate_frame": "LOCAL_TRACK_METRIC"
      }
    },
    {
      "type": "Feature",
      "id": "Contact_104_sslo_png_jpg.rf.22e4adfcabfab6cc53f6c4ec51d4099d.jpg_tgt-02",
      "geometry": {
        "type": "Point",
        "coordinates": [
          23.44,
          18.91
        ]
      },
      "properties": {
        "image_name": "Contact_104_sslo_png_jpg.rf.22e4adfcabfab6cc53f6c4ec51d4099d.jpg",
        "target_id": "tgt-02",
        "class_name": "ghost_net",
        "confidence_ai": 0.96,
        "confidence_final": 0.96,
        "hazard_risk": "MEDIUM",
        "shadow_evidence": "NEUTRAL",
        "review_status": "UNVERIFIED",
        "length_m": 0.5,
        "width_m": 0.7,
        "area_m2": 0.35,
        "relief_height_m": 0.73,
        "bbox": [
          451.0,
          182.0,
          489.0,
          216.0
        ],
        "coordinate_frame": "LOCAL_TRACK_METRIC"
      }
    },
    {
      "type": "Feature",
      "id": "Contact_104_sslo_png_jpg.rf.22e4adfcabfab6cc53f6c4ec51d4099d.jpg_tgt-03",
      "geometry": {
        "type": "Point",
        "coordinates": [
          -42.66,
          44.45
        ]
      },
      "properties": {
        "image_name": "Contact_104_sslo_png_jpg.rf.22e4adfcabfab6cc53f6c4ec51d4099d.jpg",
        "target_id": "tgt-03",
        "class_name": "ghost_net",
        "confidence_ai": 0.96,
        "confidence_final": 0.96,
        "hazard_risk": "MEDIUM",
        "shadow_evidence": "NEUTRAL",
        "review_status": "UNVERIFIED",
        "length_m": 3.55,
        "width_m": 4.7,
        "area_m2": 16.68,
        "relief_height_m": 0.5,
        "bbox": [
          0.0,
          0.0,
          106.0,
          83.0
        ],
        "coordinate_frame": "LOCAL_TRACK_METRIC"
      }
    },
    {
      "type": "Feature",
      "id": "Contact_104_sslo_png_jpg.rf.22e4adfcabfab6cc53f6c4ec51d4099d.jpg_tgt-04",
      "geometry": {
        "type": "Point",
        "coordinates": [
          48.83,
          -41.56
        ]
      },
      "properties": {
        "image_name": "Contact_104_sslo_png_jpg.rf.22e4adfcabfab6cc53f6c4ec51d4099d.jpg",
        "target_id": "tgt-04",
        "class_name": "ghost_net",
        "confidence_ai": 0.9574,
        "confidence_final": 0.9574,
        "hazard_risk": "MEDIUM",
        "shadow_evidence": "NEUTRAL",
        "review_status": "UNVERIFIED",
        "length_m": 0.6,
        "width_m": 0.75,
        "area_m2": 0.45,
        "relief_height_m": 0.5,
        "bbox": [
          613.0,
          568.0,
          640.0,
          604.0
        ],
        "coordinate_frame": "LOCAL_TRACK_METRIC"
      }
    },
    {
      "type": "Feature",
      "id": "Contact_104_sslo_png_jpg.rf.22e4adfcabfab6cc53f6c4ec51d4099d.jpg_tgt-05",
      "geometry": {
        "type": "Point",
        "coordinates": [
          35.7,
          -34.14
        ]
      },
      "properties": {
        "image_name": "Contact_104_sslo_png_jpg.rf.22e4adfcabfab6cc53f6c4ec51d4099d.jpg",
        "target_id": "tgt-05",
        "class_name": "crab_pot",
        "confidence_ai": 0.9481,
        "confidence_final": 0.9481,
        "hazard_risk": "LOW",
        "shadow_evidence": "NEUTRAL",
        "review_status": "UNVERIFIED",
        "length_m": 0.55,
        "width_m": 0.65,
        "area_m2": 0.36,
        "relief_height_m": 0.3,
        "bbox": [
          530.0,
          521.0,
          567.0,
          556.0
        ],
        "coordinate_frame": "LOCAL_TRACK_METRIC"
      }
    },
    {
      "type": "Feature",
      "id": "Contact_104_sslo_png_jpg.rf.22e4adfcabfab6cc53f6c4ec51d4099d.jpg_tgt-06",
      "geometry": {
        "type": "Point",
        "coordinates": [
          28.67,
          -32.11
        ]
      },
      "properties": {
        "image_name": "Contact_104_sslo_png_jpg.rf.22e4adfcabfab6cc53f6c4ec51d4099d.jpg",
        "target_id": "tgt-06",
        "class_name": "crab_pot",
        "confidence_ai": 0.944,
        "confidence_final": 0.944,
        "hazard_risk": "LOW",
        "shadow_evidence": "NEUTRAL",
        "review_status": "UNVERIFIED",
        "length_m": 0.65,
        "width_m": 0.65,
        "area_m2": 0.42,
        "relief_height_m": 0.38,
        "bbox": [
          485.0,
          507.0,
          522.0,
          544.0
        ],
        "coordinate_frame": "LOCAL_TRACK_METRIC"
      }
    },
    {
      "type": "Feature",
      "id": "Contact_104_sslo_png_jpg.rf.22e4adfcabfab6cc53f6c4ec51d4099d.jpg_tgt-07",
      "geometry": {
        "type": "Point",
        "coordinates": [
          -41.56,
          5.0
        ]
      },
      "properties": {
        "image_name": "Contact_104_sslo_png_jpg.rf.22e4adfcabfab6cc53f6c4ec51d4099d.jpg",
        "target_id": "tgt-07",
        "class_name": "ghost_net",
        "confidence_ai": 0.9145,
        "confidence_final": 0.9145,
        "hazard_risk": "MEDIUM",
        "shadow_evidence": "NEUTRAL",
        "review_status": "UNVERIFIED",
        "length_m": 0.5,
        "width_m": 0.8,
        "area_m2": 0.4,
        "relief_height_m": 1.16,
        "bbox": [
          34.0,
          271.0,
          74.0,
          305.0
        ],
        "coordinate_frame": "LOCAL_TRACK_METRIC"
      }
    },
    {
      "type": "Feature",
      "id": "Contact_104_sslo_png_jpg.rf.22e4adfcabfab6cc53f6c4ec51d4099d.jpg_tgt-08",
      "geometry": {
        "type": "Point",
        "coordinates": [
          -42.97,
          -18.13
        ]
      },
      "properties": {
        "image_name": "Contact_104_sslo_png_jpg.rf.22e4adfcabfab6cc53f6c4ec51d4099d.jpg",
        "target_id": "tgt-08",
        "class_name": "crab_pot",
        "confidence_ai": 0.9097,
        "confidence_final": 0.9097,
        "hazard_risk": "LOW",
        "shadow_evidence": "NEUTRAL",
        "review_status": "UNVERIFIED",
        "length_m": 0.7,
        "width_m": 0.6,
        "area_m2": 0.42,
        "relief_height_m": 0.99,
        "bbox": [
          27.0,
          417.0,
          63.0,
          455.0
        ],
        "coordinate_frame": "LOCAL_TRACK_METRIC"
      }
    },
    {
      "type": "Feature",
      "id": "Contact_105_sslo_png_jpg.rf.4ef20d167e305a8cd5713496355c6f40.jpg_tgt-01",
      "geometry": {
        "type": "Point",
        "coordinates": [
          -5.78,
          -12.27
        ]
      },
      "properties": {
        "image_name": "Contact_105_sslo_png_jpg.rf.4ef20d167e305a8cd5713496355c6f40.jpg",
        "target_id": "tgt-01",
        "class_name": "crab_pot",
        "confidence_ai": 0.4113,
        "confidence_final": 0.4113,
        "hazard_risk": "LOW",
        "shadow_evidence": "NEUTRAL",
        "review_status": "UNVERIFIED",
        "length_m": 1.95,
        "width_m": 2.9,
        "area_m2": 5.65,
        "relief_height_m": 2.31,
        "bbox": [
          242.0,
          367.0,
          324.0,
          430.0
        ],
        "coordinate_frame": "LOCAL_TRACK_METRIC"
      }
    },
    {
      "type": "Feature",
      "id": "Contact_106_sslo_png_jpg.rf.c31dd588a8787b9aae6720c3b27be6d0.jpg_tgt-01",
      "geometry": {
        "type": "Point",
        "coordinates": [
          -13.59,
          18.59
        ]
      },
      "properties": {
        "image_name": "Contact_106_sslo_png_jpg.rf.c31dd588a8787b9aae6720c3b27be6d0.jpg",
        "target_id": "tgt-01",
        "class_name": "crab_pot",
        "confidence_ai": 0.2146,
        "confidence_final": 0.2146,
        "hazard_risk": "LOW",
        "shadow_evidence": "NEUTRAL",
        "review_status": "UNVERIFIED",
        "length_m": 0.7,
        "width_m": 1.0,
        "area_m2": 0.7,
        "relief_height_m": 0.6,
        "bbox": [
          211.0,
          182.0,
          255.0,
          220.0
        ],
        "coordinate_frame": "LOCAL_TRACK_METRIC"
      }
    },
    {
      "type": "Feature",
      "id": "Contact_106_sslo_png_jpg.rf.c31dd588a8787b9aae6720c3b27be6d0.jpg_tgt-02",
      "geometry": {
        "type": "Point",
        "coordinates": [
          -12.27,
          18.59
        ]
      },
      "properties": {
        "image_name": "Contact_106_sslo_png_jpg.rf.c31dd588a8787b9aae6720c3b27be6d0.jpg",
        "target_id": "tgt-02",
        "class_name": "crab_pot",
        "confidence_ai": 0.2082,
        "confidence_final": 0.2082,
        "hazard_risk": "LOW",
        "shadow_evidence": "NEUTRAL",
        "review_status": "UNVERIFIED",
        "length_m": 0.9,
        "width_m": 1.95,
        "area_m2": 1.75,
        "relief_height_m": 0.56,
        "bbox": [
          210.0,
          180.0,
          273.0,
          222.0
        ],
        "coordinate_frame": "LOCAL_TRACK_METRIC"
      }
    },
    {
      "type": "Feature",
      "id": "Contact_107_sslo_png_jpg.rf.339273b6c8d402e500d5dd1ba9452fba.jpg_tgt-01",
      "geometry": {
        "type": "Point",
        "coordinates": [
          1.41,
          4.84
        ]
      },
      "properties": {
        "image_name": "Contact_107_sslo_png_jpg.rf.339273b6c8d402e500d5dd1ba9452fba.jpg",
        "target_id": "tgt-01",
        "class_name": "crab_pot",
        "confidence_ai": 0.2787,
        "confidence_final": 0.2787,
        "hazard_risk": "LOW",
        "shadow_evidence": "NEUTRAL",
        "review_status": "UNVERIFIED",
        "length_m": 1.5,
        "width_m": 2.5,
        "area_m2": 3.75,
        "relief_height_m": 6.64,
        "bbox": [
          292.0,
          262.0,
          366.0,
          316.0
        ],
        "coordinate_frame": "LOCAL_TRACK_METRIC"
      }
    },
    {
      "type": "Feature",
      "id": "mission_01_tile_0002.png_tgt-01",
      "geometry": {
        "type": "Point",
        "coordinates": [
          -12.03,
          -6.33
        ]
      },
      "properties": {
        "image_name": "mission_01_tile_0002.png",
        "target_id": "tgt-01",
        "class_name": "shipwreck",
        "confidence_ai": 0.4071,
        "confidence_final": 0.5271,
        "hazard_risk": "HIGH",
        "shadow_evidence": "SUPPORTING",
        "review_status": "VERIFIED_3D",
        "length_m": 3.85,
        "width_m": 2.6,
        "area_m2": 10.01,
        "relief_height_m": 5.36,
        "bbox": [
          205.0,
          310.0,
          281.0,
          411.0
        ],
        "coordinate_frame": "LOCAL_TRACK_METRIC"
      }
    },
    {
      "type": "Feature",
      "id": "mission_01_tile_0003.png_tgt-01",
      "geometry": {
        "type": "Point",
        "coordinates": [
          7.27,
          15.94
        ]
      },
      "properties": {
        "image_name": "mission_01_tile_0003.png",
        "target_id": "tgt-01",
        "class_name": "mine_cylinder",
        "confidence_ai": 0.5259,
        "confidence_final": 0.6659,
        "hazard_risk": "CRITICAL",
        "shadow_evidence": "SUPPORTING",
        "review_status": "VERIFIED_3D",
        "length_m": 2.2,
        "width_m": 2.85,
        "area_m2": 6.27,
        "relief_height_m": 6.21,
        "bbox": [
          326.0,
          184.0,
          407.0,
          252.0
        ],
        "coordinate_frame": "LOCAL_TRACK_METRIC"
      }
    },
    {
      "type": "Feature",
      "id": "mission_01_tile_0004.png_tgt-01",
      "geometry": {
        "type": "Point",
        "coordinates": [
          -15.86,
          -2.97
        ]
      },
      "properties": {
        "image_name": "mission_01_tile_0004.png",
        "target_id": "tgt-01",
        "class_name": "shipwreck",
        "confidence_ai": 0.1932,
        "confidence_final": 0.3132,
        "hazard_risk": "HIGH",
        "shadow_evidence": "SUPPORTING",
        "review_status": "VERIFIED_3D",
        "length_m": 2.7,
        "width_m": 3.15,
        "area_m2": 8.51,
        "relief_height_m": 4.89,
        "bbox": [
          175.0,
          300.0,
          262.0,
          378.0
        ],
        "coordinate_frame": "LOCAL_TRACK_METRIC"
      }
    },
    {
      "type": "Feature",
      "id": "mission_02_tile_0006.png_tgt-01",
      "geometry": {
        "type": "Point",
        "coordinates": [
          -11.88,
          4.84
        ]
      },
      "properties": {
        "image_name": "mission_02_tile_0006.png",
        "target_id": "tgt-01",
        "class_name": "mine_cylinder",
        "confidence_ai": 0.7101,
        "confidence_final": 0.5601,
        "hazard_risk": "CRITICAL",
        "shadow_evidence": "ABSENT",
        "review_status": "FLAGGED_FOR_REVIEW",
        "length_m": 2.5,
        "width_m": 2.7,
        "area_m2": 6.75,
        "relief_height_m": 2.98,
        "bbox": [
          205.0,
          252.0,
          283.0,
          326.0
        ],
        "coordinate_frame": "LOCAL_TRACK_METRIC"
      }
    },
    {
      "type": "Feature",
      "id": "mission_04_tile_0017.png_tgt-01",
      "geometry": {
        "type": "Point",
        "coordinates": [
          -14.3,
          3.12
        ]
      },
      "properties": {
        "image_name": "mission_04_tile_0017.png",
        "target_id": "tgt-01",
        "class_name": "mine_cylinder",
        "confidence_ai": 0.96,
        "confidence_final": 0.96,
        "hazard_risk": "CRITICAL",
        "shadow_evidence": "NEUTRAL",
        "review_status": "UNVERIFIED",
        "length_m": 2.6,
        "width_m": 2.65,
        "area_m2": 6.89,
        "relief_height_m": 5.07,
        "bbox": [
          190.0,
          262.0,
          267.0,
          338.0
        ],
        "coordinate_frame": "LOCAL_TRACK_METRIC"
      }
    },
    {
      "type": "Feature",
      "id": "mission_04_tile_0018.png_tgt-01",
      "geometry": {
        "type": "Point",
        "coordinates": [
          1.02,
          -4.77
        ]
      },
      "properties": {
        "image_name": "mission_04_tile_0018.png",
        "target_id": "tgt-01",
        "class_name": "mine_cylinder",
        "confidence_ai": 0.96,
        "confidence_final": 0.98,
        "hazard_risk": "CRITICAL",
        "shadow_evidence": "SUPPORTING",
        "review_status": "VERIFIED_3D",
        "length_m": 1.95,
        "width_m": 2.75,
        "area_m2": 5.36,
        "relief_height_m": 7.3,
        "bbox": [
          287.0,
          319.0,
          366.0,
          382.0
        ],
        "coordinate_frame": "LOCAL_TRACK_METRIC"
      }
    },
    {
      "type": "Feature",
      "id": "mission_04_tile_0019.png_tgt-01",
      "geometry": {
        "type": "Point",
        "coordinates": [
          -15.0,
          -6.17
        ]
      },
      "properties": {
        "image_name": "mission_04_tile_0019.png",
        "target_id": "tgt-01",
        "class_name": "mine_cylinder",
        "confidence_ai": 0.7646,
        "confidence_final": 0.7646,
        "hazard_risk": "CRITICAL",
        "shadow_evidence": "NEUTRAL",
        "review_status": "UNVERIFIED",
        "length_m": 2.35,
        "width_m": 4.1,
        "area_m2": 9.63,
        "relief_height_m": 5.0,
        "bbox": [
          171.0,
          324.0,
          277.0,
          395.0
        ],
        "coordinate_frame": "LOCAL_TRACK_METRIC"
      }
    },
    {
      "type": "Feature",
      "id": "mission_04_tile_0020.png_tgt-01",
      "geometry": {
        "type": "Point",
        "coordinates": [
          12.11,
          -16.8
        ]
      },
      "properties": {
        "image_name": "mission_04_tile_0020.png",
        "target_id": "tgt-01",
        "class_name": "mine_cylinder",
        "confidence_ai": 0.4568,
        "confidence_final": 0.5968,
        "hazard_risk": "CRITICAL",
        "shadow_evidence": "SUPPORTING",
        "review_status": "VERIFIED_3D",
        "length_m": 2.55,
        "width_m": 3.05,
        "area_m2": 7.78,
        "relief_height_m": 5.4,
        "bbox": [
          355.0,
          390.0,
          440.0,
          465.0
        ],
        "coordinate_frame": "LOCAL_TRACK_METRIC"
      }
    },
    {
      "type": "Feature",
      "id": "pipe_1693569563.809_x3000.jpg_tgt-01",
      "geometry": {
        "type": "Point",
        "coordinates": [
          22.66,
          0.8
        ]
      },
      "properties": {
        "image_name": "pipe_1693569563.809_x3000.jpg",
        "target_id": "tgt-01",
        "class_name": "submarine_pipeline",
        "confidence_ai": 0.822,
        "confidence_final": 0.822,
        "hazard_risk": "HIGH",
        "shadow_evidence": "NEUTRAL",
        "review_status": "UNVERIFIED",
        "length_m": 24.6,
        "width_m": 16.3,
        "area_m2": 400.98,
        "relief_height_m": 0.61,
        "bbox": [
          276.0,
          0.0,
          640.0,
          500.0
        ],
        "coordinate_frame": "LOCAL_TRACK_METRIC"
      }
    },
    {
      "type": "Feature",
      "id": "pipe_1693569608.819_x1500.jpg_tgt-01",
      "geometry": {
        "type": "Point",
        "coordinates": [
          -0.47,
          0.5
        ]
      },
      "properties": {
        "image_name": "pipe_1693569608.819_x1500.jpg",
        "target_id": "tgt-01",
        "class_name": "submarine_pipeline",
        "confidence_ai": 0.7812,
        "confidence_final": 0.7812,
        "hazard_risk": "HIGH",
        "shadow_evidence": "NEUTRAL",
        "review_status": "UNVERIFIED",
        "length_m": 24.75,
        "width_m": 14.5,
        "area_m2": 358.88,
        "relief_height_m": 7.85,
        "bbox": [
          149.0,
          0.0,
          485.0,
          500.0
        ],
        "coordinate_frame": "LOCAL_TRACK_METRIC"
      }
    },
    {
      "type": "Feature",
      "id": "pipe_1693569615.829_x3000.jpg_tgt-01",
      "geometry": {
        "type": "Point",
        "coordinates": [
          23.28,
          -0.1
        ]
      },
      "properties": {
        "image_name": "pipe_1693569615.829_x3000.jpg",
        "target_id": "tgt-01",
        "class_name": "submarine_pipeline",
        "confidence_ai": 0.8108,
        "confidence_final": 0.8108,
        "hazard_risk": "HIGH",
        "shadow_evidence": "NEUTRAL",
        "review_status": "UNVERIFIED",
        "length_m": 24.95,
        "width_m": 14.3,
        "area_m2": 356.79,
        "relief_height_m": 1.19,
        "bbox": [
          304.0,
          0.0,
          634.0,
          500.0
        ],
        "coordinate_frame": "LOCAL_TRACK_METRIC"
      }
    },
    {
      "type": "Feature",
      "id": "pipe_1693569624.829_x1500.jpg_tgt-01",
      "geometry": {
        "type": "Point",
        "coordinates": [
          -0.23,
          0.3
        ]
      },
      "properties": {
        "image_name": "pipe_1693569624.829_x1500.jpg",
        "target_id": "tgt-01",
        "class_name": "submarine_pipeline",
        "confidence_ai": 0.8357,
        "confidence_final": 0.8357,
        "hazard_risk": "HIGH",
        "shadow_evidence": "NEUTRAL",
        "review_status": "UNVERIFIED",
        "length_m": 24.45,
        "width_m": 13.95,
        "area_m2": 341.08,
        "relief_height_m": 7.9,
        "bbox": [
          157.0,
          0.0,
          480.0,
          500.0
        ],
        "coordinate_frame": "LOCAL_TRACK_METRIC"
      }
    },
    {
      "type": "Feature",
      "id": "pipe_1693569637.830_x3500.jpg_tgt-01",
      "geometry": {
        "type": "Point",
        "coordinates": [
          -21.64,
          0.0
        ]
      },
      "properties": {
        "image_name": "pipe_1693569637.830_x3500.jpg",
        "target_id": "tgt-01",
        "class_name": "submarine_pipeline",
        "confidence_ai": 0.53,
        "confidence_final": 0.53,
        "hazard_risk": "HIGH",
        "shadow_evidence": "NEUTRAL",
        "review_status": "UNVERIFIED",
        "length_m": 25.0,
        "width_m": 17.95,
        "area_m2": 448.75,
        "relief_height_m": 0.11,
        "bbox": [
          0.0,
          0.0,
          389.0,
          500.0
        ],
        "coordinate_frame": "LOCAL_TRACK_METRIC"
      }
    },
    {
      "type": "Feature",
      "id": "pipe_1693569639.830_x1500.jpg_tgt-01",
      "geometry": {
        "type": "Point",
        "coordinates": [
          -1.33,
          0.2
        ]
      },
      "properties": {
        "image_name": "pipe_1693569639.830_x1500.jpg",
        "target_id": "tgt-01",
        "class_name": "submarine_pipeline",
        "confidence_ai": 0.6732,
        "confidence_final": 0.6732,
        "hazard_risk": "HIGH",
        "shadow_evidence": "NEUTRAL",
        "review_status": "UNVERIFIED",
        "length_m": 24.5,
        "width_m": 13.85,
        "area_m2": 339.32,
        "relief_height_m": 7.57,
        "bbox": [
          151.0,
          0.0,
          472.0,
          500.0
        ],
        "coordinate_frame": "LOCAL_TRACK_METRIC"
      }
    },
    {
      "type": "Feature",
      "id": "pipe_1693569651.830_x1500.jpg_tgt-01",
      "geometry": {
        "type": "Point",
        "coordinates": [
          -2.27,
          19.3
        ]
      },
      "properties": {
        "image_name": "pipe_1693569651.830_x1500.jpg",
        "target_id": "tgt-01",
        "class_name": "mine_cylinder",
        "confidence_ai": 0.4972,
        "confidence_final": 0.3472,
        "hazard_risk": "CRITICAL",
        "shadow_evidence": "ABSENT",
        "review_status": "FLAGGED_FOR_REVIEW",
        "length_m": 0.95,
        "width_m": 1.95,
        "area_m2": 1.85,
        "relief_height_m": 4.25,
        "bbox": [
          274.0,
          132.0,
          337.0,
          175.0
        ],
        "coordinate_frame": "LOCAL_TRACK_METRIC"
      }
    },
    {
      "type": "Feature",
      "id": "pipe_1693569664.840_x3500.jpg_tgt-01",
      "geometry": {
        "type": "Point",
        "coordinates": [
          -38.59,
          0.0
        ]
      },
      "properties": {
        "image_name": "pipe_1693569664.840_x3500.jpg",
        "target_id": "tgt-01",
        "class_name": "submarine_pipeline",
        "confidence_ai": 0.5486,
        "confidence_final": 0.5486,
        "hazard_risk": "HIGH",
        "shadow_evidence": "NEUTRAL",
        "review_status": "UNVERIFIED",
        "length_m": 25.0,
        "width_m": 7.3,
        "area_m2": 182.5,
        "relief_height_m": 0.5,
        "bbox": [
          0.0,
          0.0,
          158.0,
          500.0
        ],
        "coordinate_frame": "LOCAL_TRACK_METRIC"
      }
    },
    {
      "type": "Feature",
      "id": "Rec14_wcp_ss_port_00004_png_jpg.rf.485f358b11f790efdbfa583afcffe0dc.jpg_tgt-01",
      "geometry": {
        "type": "Point",
        "coordinates": [
          34.69,
          20.39
        ]
      },
      "properties": {
        "image_name": "Rec14_wcp_ss_port_00004_png_jpg.rf.485f358b11f790efdbfa583afcffe0dc.jpg",
        "target_id": "tgt-01",
        "class_name": "crab_pot",
        "confidence_ai": 0.2106,
        "confidence_final": 0.2106,
        "hazard_risk": "LOW",
        "shadow_evidence": "NEUTRAL",
        "review_status": "UNVERIFIED",
        "length_m": 1.15,
        "width_m": 0.9,
        "area_m2": 1.03,
        "relief_height_m": 0.87,
        "bbox": [
          521.0,
          166.0,
          563.0,
          213.0
        ],
        "coordinate_frame": "LOCAL_TRACK_METRIC"
      }
    },
    {
      "type": "Feature",
      "id": "Rec14_wcp_ss_port_00004_png_jpg.rf.4a7dd09d0db308be5a8364b9c566931b.jpg_tgt-01",
      "geometry": {
        "type": "Point",
        "coordinates": [
          34.69,
          20.31
        ]
      },
      "properties": {
        "image_name": "Rec14_wcp_ss_port_00004_png_jpg.rf.4a7dd09d0db308be5a8364b9c566931b.jpg",
        "target_id": "tgt-01",
        "class_name": "crab_pot",
        "confidence_ai": 0.2586,
        "confidence_final": 0.2586,
        "hazard_risk": "LOW",
        "shadow_evidence": "NEUTRAL",
        "review_status": "UNVERIFIED",
        "length_m": 1.1,
        "width_m": 0.9,
        "area_m2": 0.99,
        "relief_height_m": 0.28,
        "bbox": [
          521.0,
          167.0,
          563.0,
          213.0
        ],
        "coordinate_frame": "LOCAL_TRACK_METRIC"
      }
    },
    {
      "type": "Feature",
      "id": "Rec14_wcp_ss_port_00009_png_jpg.rf.a8e161fa80aeb064f5a658aabe981a80.jpg_tgt-01",
      "geometry": {
        "type": "Point",
        "coordinates": [
          43.67,
          -43.12
        ]
      },
      "properties": {
        "image_name": "Rec14_wcp_ss_port_00009_png_jpg.rf.a8e161fa80aeb064f5a658aabe981a80.jpg",
        "target_id": "tgt-01",
        "class_name": "shipwreck",
        "confidence_ai": 0.397,
        "confidence_final": 0.397,
        "hazard_risk": "HIGH",
        "shadow_evidence": "NEUTRAL",
        "review_status": "UNVERIFIED",
        "length_m": 4.1,
        "width_m": 3.95,
        "area_m2": 16.2,
        "relief_height_m": 0.03,
        "bbox": [
          548.0,
          543.0,
          640.0,
          640.0
        ],
        "coordinate_frame": "LOCAL_TRACK_METRIC"
      }
    },
    {
      "type": "Feature",
      "id": "Rec14_wcp_ss_port_00009_png_jpg.rf.a8e161fa80aeb064f5a658aabe981a80.jpg_tgt-02",
      "geometry": {
        "type": "Point",
        "coordinates": [
          37.11,
          39.06
        ]
      },
      "properties": {
        "image_name": "Rec14_wcp_ss_port_00009_png_jpg.rf.a8e161fa80aeb064f5a658aabe981a80.jpg",
        "target_id": "tgt-02",
        "class_name": "crab_pot",
        "confidence_ai": 0.2778,
        "confidence_final": 0.2778,
        "hazard_risk": "LOW",
        "shadow_evidence": "NEUTRAL",
        "review_status": "UNVERIFIED",
        "length_m": 0.9,
        "width_m": 0.85,
        "area_m2": 0.77,
        "relief_height_m": 0.56,
        "bbox": [
          537.0,
          49.0,
          578.0,
          91.0
        ],
        "coordinate_frame": "LOCAL_TRACK_METRIC"
      }
    },
    {
      "type": "Feature",
      "id": "Rec14_wcp_ss_port_00009_png_jpg.rf.b87aa4f960e3b475ec5fded4dc0d17d4.jpg_tgt-01",
      "geometry": {
        "type": "Point",
        "coordinates": [
          43.75,
          -43.28
        ]
      },
      "properties": {
        "image_name": "Rec14_wcp_ss_port_00009_png_jpg.rf.b87aa4f960e3b475ec5fded4dc0d17d4.jpg",
        "target_id": "tgt-01",
        "class_name": "shipwreck",
        "confidence_ai": 0.4283,
        "confidence_final": 0.4283,
        "hazard_risk": "HIGH",
        "shadow_evidence": "NEUTRAL",
        "review_status": "UNVERIFIED",
        "length_m": 4.2,
        "width_m": 3.9,
        "area_m2": 16.38,
        "relief_height_m": 0.03,
        "bbox": [
          549.0,
          543.0,
          640.0,
          640.0
        ],
        "coordinate_frame": "LOCAL_TRACK_METRIC"
      }
    },
    {
      "type": "Feature",
      "id": "Rec14_wcp_ss_port_00009_png_jpg.rf.b87aa4f960e3b475ec5fded4dc0d17d4.jpg_tgt-02",
      "geometry": {
        "type": "Point",
        "coordinates": [
          37.19,
          39.14
        ]
      },
      "properties": {
        "image_name": "Rec14_wcp_ss_port_00009_png_jpg.rf.b87aa4f960e3b475ec5fded4dc0d17d4.jpg",
        "target_id": "tgt-02",
        "class_name": "crab_pot",
        "confidence_ai": 0.3167,
        "confidence_final": 0.3167,
        "hazard_risk": "LOW",
        "shadow_evidence": "NEUTRAL",
        "review_status": "UNVERIFIED",
        "length_m": 0.85,
        "width_m": 0.8,
        "area_m2": 0.68,
        "relief_height_m": 0.56,
        "bbox": [
          538.0,
          49.0,
          578.0,
          90.0
        ],
        "coordinate_frame": "LOCAL_TRACK_METRIC"
      }
    },
    {
      "type": "Feature",
      "id": "Rec14_wcp_ss_port_00009_png_jpg.rf.d7c4975ce6e6f07cf01d32a9033f2a15.jpg_tgt-01",
      "geometry": {
        "type": "Point",
        "coordinates": [
          43.75,
          -43.28
        ]
      },
      "properties": {
        "image_name": "Rec14_wcp_ss_port_00009_png_jpg.rf.d7c4975ce6e6f07cf01d32a9033f2a15.jpg",
        "target_id": "tgt-01",
        "class_name": "shipwreck",
        "confidence_ai": 0.4299,
        "confidence_final": 0.4299,
        "hazard_risk": "HIGH",
        "shadow_evidence": "NEUTRAL",
        "review_status": "UNVERIFIED",
        "length_m": 4.2,
        "width_m": 3.9,
        "area_m2": 16.38,
        "relief_height_m": 0.03,
        "bbox": [
          549.0,
          543.0,
          640.0,
          640.0
        ],
        "coordinate_frame": "LOCAL_TRACK_METRIC"
      }
    },
    {
      "type": "Feature",
      "id": "Rec14_wcp_ss_port_00009_png_jpg.rf.d7c4975ce6e6f07cf01d32a9033f2a15.jpg_tgt-02",
      "geometry": {
        "type": "Point",
        "coordinates": [
          37.19,
          39.14
        ]
      },
      "properties": {
        "image_name": "Rec14_wcp_ss_port_00009_png_jpg.rf.d7c4975ce6e6f07cf01d32a9033f2a15.jpg",
        "target_id": "tgt-02",
        "class_name": "crab_pot",
        "confidence_ai": 0.3118,
        "confidence_final": 0.3118,
        "hazard_risk": "LOW",
        "shadow_evidence": "NEUTRAL",
        "review_status": "UNVERIFIED",
        "length_m": 0.85,
        "width_m": 0.8,
        "area_m2": 0.68,
        "relief_height_m": 0.56,
        "bbox": [
          538.0,
          49.0,
          578.0,
          90.0
        ],
        "coordinate_frame": "LOCAL_TRACK_METRIC"
      }
    },
    {
      "type": "Feature",
      "id": "Rec14_wcp_ss_port_00010_png_jpg.rf.53ebb13a7cf1411cc92f8389338d5470.jpg_tgt-01",
      "geometry": {
        "type": "Point",
        "coordinates": [
          -26.8,
          -8.28
        ]
      },
      "properties": {
        "image_name": "Rec14_wcp_ss_port_00010_png_jpg.rf.53ebb13a7cf1411cc92f8389338d5470.jpg",
        "target_id": "tgt-01",
        "class_name": "crab_pot",
        "confidence_ai": 0.5029,
        "confidence_final": 0.5029,
        "hazard_risk": "LOW",
        "shadow_evidence": "NEUTRAL",
        "review_status": "UNVERIFIED",
        "length_m": 1.6,
        "width_m": 1.35,
        "area_m2": 2.16,
        "relief_height_m": 1.22,
        "bbox": [
          123.0,
          345.0,
          174.0,
          401.0
        ],
        "coordinate_frame": "LOCAL_TRACK_METRIC"
      }
    },
    {
      "type": "Feature",
      "id": "Rec14_wcp_ss_port_00010_png_jpg.rf.53ebb13a7cf1411cc92f8389338d5470.jpg_tgt-02",
      "geometry": {
        "type": "Point",
        "coordinates": [
          -12.97,
          35.0
        ]
      },
      "properties": {
        "image_name": "Rec14_wcp_ss_port_00010_png_jpg.rf.53ebb13a7cf1411cc92f8389338d5470.jpg",
        "target_id": "tgt-02",
        "class_name": "crab_pot",
        "confidence_ai": 0.2346,
        "confidence_final": 0.2346,
        "hazard_risk": "LOW",
        "shadow_evidence": "NEUTRAL",
        "review_status": "UNVERIFIED",
        "length_m": 1.3,
        "width_m": 0.8,
        "area_m2": 1.04,
        "relief_height_m": 1.62,
        "bbox": [
          217.0,
          71.0,
          257.0,
          121.0
        ],
        "coordinate_frame": "LOCAL_TRACK_METRIC"
      }
    },
    {
      "type": "Feature",
      "id": "Rec14_wcp_ss_port_00011_png_jpg.rf.248bef1091991fdade425133597b2927.jpg_tgt-01",
      "geometry": {
        "type": "Point",
        "coordinates": [
          -8.91,
          35.23
        ]
      },
      "properties": {
        "image_name": "Rec14_wcp_ss_port_00011_png_jpg.rf.248bef1091991fdade425133597b2927.jpg",
        "target_id": "tgt-01",
        "class_name": "crab_pot",
        "confidence_ai": 0.2981,
        "confidence_final": 0.2981,
        "hazard_risk": "LOW",
        "shadow_evidence": "NEUTRAL",
        "review_status": "UNVERIFIED",
        "length_m": 3.45,
        "width_m": 2.6,
        "area_m2": 8.97,
        "relief_height_m": 2.44,
        "bbox": [
          225.0,
          48.0,
          301.0,
          141.0
        ],
        "coordinate_frame": "LOCAL_TRACK_METRIC"
      }
    },
    {
      "type": "Feature",
      "id": "Rec14_wcp_ss_port_00011_png_jpg.rf.248bef1091991fdade425133597b2927.jpg_tgt-02",
      "geometry": {
        "type": "Point",
        "coordinates": [
          -37.73,
          34.38
        ]
      },
      "properties": {
        "image_name": "Rec14_wcp_ss_port_00011_png_jpg.rf.248bef1091991fdade425133597b2927.jpg",
        "target_id": "tgt-02",
        "class_name": "crab_pot",
        "confidence_ai": 0.2826,
        "confidence_final": 0.2826,
        "hazard_risk": "LOW",
        "shadow_evidence": "NEUTRAL",
        "review_status": "UNVERIFIED",
        "length_m": 0.7,
        "width_m": 0.55,
        "area_m2": 0.39,
        "relief_height_m": 0.19,
        "bbox": [
          61.0,
          81.0,
          96.0,
          119.0
        ],
        "coordinate_frame": "LOCAL_TRACK_METRIC"
      }
    },
    {
      "type": "Feature",
      "id": "Rec14_wcp_ss_port_00011_png_jpg.rf.248bef1091991fdade425133597b2927.jpg_tgt-03",
      "geometry": {
        "type": "Point",
        "coordinates": [
          -37.89,
          31.48
        ]
      },
      "properties": {
        "image_name": "Rec14_wcp_ss_port_00011_png_jpg.rf.248bef1091991fdade425133597b2927.jpg",
        "target_id": "tgt-03",
        "class_name": "crab_pot",
        "confidence_ai": 0.2569,
        "confidence_final": 0.2569,
        "hazard_risk": "LOW",
        "shadow_evidence": "NEUTRAL",
        "review_status": "UNVERIFIED",
        "length_m": 3.05,
        "width_m": 2.15,
        "area_m2": 6.56,
        "relief_height_m": 0.47,
        "bbox": [
          44.0,
          76.0,
          111.0,
          161.0
        ],
        "coordinate_frame": "LOCAL_TRACK_METRIC"
      }
    },
    {
      "type": "Feature",
      "id": "Rec14_wcp_ss_port_00011_png_jpg.rf.248bef1091991fdade425133597b2927.jpg_tgt-04",
      "geometry": {
        "type": "Point",
        "coordinates": [
          -47.58,
          31.25
        ]
      },
      "properties": {
        "image_name": "Rec14_wcp_ss_port_00011_png_jpg.rf.248bef1091991fdade425133597b2927.jpg",
        "target_id": "tgt-04",
        "class_name": "crab_pot",
        "confidence_ai": 0.2522,
        "confidence_final": 0.2522,
        "hazard_risk": "LOW",
        "shadow_evidence": "NEUTRAL",
        "review_status": "UNVERIFIED",
        "length_m": 3.2,
        "width_m": 1.55,
        "area_m2": 4.96,
        "relief_height_m": 0.5,
        "bbox": [
          0.0,
          76.0,
          43.0,
          164.0
        ],
        "coordinate_frame": "LOCAL_TRACK_METRIC"
      }
    },
    {
      "type": "Feature",
      "id": "Rec14_wcp_ss_port_00011_png_jpg.rf.248bef1091991fdade425133597b2927.jpg_tgt-05",
      "geometry": {
        "type": "Point",
        "coordinates": [
          -4.38,
          3.44
        ]
      },
      "properties": {
        "image_name": "Rec14_wcp_ss_port_00011_png_jpg.rf.248bef1091991fdade425133597b2927.jpg",
        "target_id": "tgt-05",
        "class_name": "crab_pot",
        "confidence_ai": 0.2018,
        "confidence_final": 0.2018,
        "hazard_risk": "LOW",
        "shadow_evidence": "NEUTRAL",
        "review_status": "UNVERIFIED",
        "length_m": 2.2,
        "width_m": 1.7,
        "area_m2": 3.74,
        "relief_height_m": 4.97,
        "bbox": [
          263.0,
          264.0,
          321.0,
          332.0
        ],
        "coordinate_frame": "LOCAL_TRACK_METRIC"
      }
    },
    {
      "type": "Feature",
      "id": "Rec14_wcp_ss_port_00011_png_jpg.rf.4bb7317a94cdabcc589f17ea8fc5055f.jpg_tgt-01",
      "geometry": {
        "type": "Point",
        "coordinates": [
          -37.73,
          34.38
        ]
      },
      "properties": {
        "image_name": "Rec14_wcp_ss_port_00011_png_jpg.rf.4bb7317a94cdabcc589f17ea8fc5055f.jpg",
        "target_id": "tgt-01",
        "class_name": "crab_pot",
        "confidence_ai": 0.3058,
        "confidence_final": 0.3058,
        "hazard_risk": "LOW",
        "shadow_evidence": "NEUTRAL",
        "review_status": "UNVERIFIED",
        "length_m": 0.7,
        "width_m": 0.55,
        "area_m2": 0.39,
        "relief_height_m": 0.19,
        "bbox": [
          61.0,
          81.0,
          96.0,
          119.0
        ],
        "coordinate_frame": "LOCAL_TRACK_METRIC"
      }
    },
    {
      "type": "Feature",
      "id": "Rec14_wcp_ss_port_00011_png_jpg.rf.4bb7317a94cdabcc589f17ea8fc5055f.jpg_tgt-02",
      "geometry": {
        "type": "Point",
        "coordinates": [
          -8.91,
          35.16
        ]
      },
      "properties": {
        "image_name": "Rec14_wcp_ss_port_00011_png_jpg.rf.4bb7317a94cdabcc589f17ea8fc5055f.jpg",
        "target_id": "tgt-02",
        "class_name": "crab_pot",
        "confidence_ai": 0.2555,
        "confidence_final": 0.2555,
        "hazard_risk": "LOW",
        "shadow_evidence": "NEUTRAL",
        "review_status": "UNVERIFIED",
        "length_m": 3.5,
        "width_m": 2.6,
        "area_m2": 9.1,
        "relief_height_m": 2.23,
        "bbox": [
          225.0,
          48.0,
          301.0,
          142.0
        ],
        "coordinate_frame": "LOCAL_TRACK_METRIC"
      }
    },
    {
      "type": "Feature",
      "id": "Rec14_wcp_ss_port_00011_png_jpg.rf.4bb7317a94cdabcc589f17ea8fc5055f.jpg_tgt-03",
      "geometry": {
        "type": "Point",
        "coordinates": [
          -47.58,
          31.25
        ]
      },
      "properties": {
        "image_name": "Rec14_wcp_ss_port_00011_png_jpg.rf.4bb7317a94cdabcc589f17ea8fc5055f.jpg",
        "target_id": "tgt-03",
        "class_name": "crab_pot",
        "confidence_ai": 0.2235,
        "confidence_final": 0.2235,
        "hazard_risk": "LOW",
        "shadow_evidence": "NEUTRAL",
        "review_status": "UNVERIFIED",
        "length_m": 3.2,
        "width_m": 1.55,
        "area_m2": 4.96,
        "relief_height_m": 0.5,
        "bbox": [
          0.0,
          76.0,
          43.0,
          164.0
        ],
        "coordinate_frame": "LOCAL_TRACK_METRIC"
      }
    },
    {
      "type": "Feature",
      "id": "Rec14_wcp_ss_port_00011_png_jpg.rf.4bb7317a94cdabcc589f17ea8fc5055f.jpg_tgt-04",
      "geometry": {
        "type": "Point",
        "coordinates": [
          -37.89,
          31.48
        ]
      },
      "properties": {
        "image_name": "Rec14_wcp_ss_port_00011_png_jpg.rf.4bb7317a94cdabcc589f17ea8fc5055f.jpg",
        "target_id": "tgt-04",
        "class_name": "crab_pot",
        "confidence_ai": 0.2193,
        "confidence_final": 0.2193,
        "hazard_risk": "LOW",
        "shadow_evidence": "NEUTRAL",
        "review_status": "UNVERIFIED",
        "length_m": 3.05,
        "width_m": 2.15,
        "area_m2": 6.56,
        "relief_height_m": 0.47,
        "bbox": [
          44.0,
          76.0,
          111.0,
          161.0
        ],
        "coordinate_frame": "LOCAL_TRACK_METRIC"
      }
    },
    {
      "type": "Feature",
      "id": "Rec14_wcp_ss_port_00011_png_jpg.rf.4bb7317a94cdabcc589f17ea8fc5055f.jpg_tgt-05",
      "geometry": {
        "type": "Point",
        "coordinates": [
          -8.91,
          38.12
        ]
      },
      "properties": {
        "image_name": "Rec14_wcp_ss_port_00011_png_jpg.rf.4bb7317a94cdabcc589f17ea8fc5055f.jpg",
        "target_id": "tgt-05",
        "class_name": "crab_pot",
        "confidence_ai": 0.1902,
        "confidence_final": 0.1902,
        "hazard_risk": "LOW",
        "shadow_evidence": "NEUTRAL",
        "review_status": "UNVERIFIED",
        "length_m": 1.0,
        "width_m": 0.7,
        "area_m2": 0.7,
        "relief_height_m": 0.76,
        "bbox": [
          244.0,
          54.0,
          282.0,
          98.0
        ],
        "coordinate_frame": "LOCAL_TRACK_METRIC"
      }
    },
    {
      "type": "Feature",
      "id": "Rec14_wcp_ss_port_00022_png_jpg.rf.47fa83f07bc26e9243abd34b67217af8.jpg_tgt-01",
      "geometry": {
        "type": "Point",
        "coordinates": [
          -39.53,
          37.42
        ]
      },
      "properties": {
        "image_name": "Rec14_wcp_ss_port_00022_png_jpg.rf.47fa83f07bc26e9243abd34b67217af8.jpg",
        "target_id": "tgt-01",
        "class_name": "submarine_pipeline",
        "confidence_ai": 0.8669,
        "confidence_final": 0.8669,
        "hazard_risk": "HIGH",
        "shadow_evidence": "NEUTRAL",
        "review_status": "UNVERIFIED",
        "length_m": 2.15,
        "width_m": 0.8,
        "area_m2": 1.72,
        "relief_height_m": 0.3,
        "bbox": [
          47.0,
          47.0,
          87.0,
          114.0
        ],
        "coordinate_frame": "LOCAL_TRACK_METRIC"
      }
    },
    {
      "type": "Feature",
      "id": "Rec14_wcp_ss_port_00022_png_jpg.rf.47fa83f07bc26e9243abd34b67217af8.jpg_tgt-02",
      "geometry": {
        "type": "Point",
        "coordinates": [
          5.86,
          -2.81
        ]
      },
      "properties": {
        "image_name": "Rec14_wcp_ss_port_00022_png_jpg.rf.47fa83f07bc26e9243abd34b67217af8.jpg",
        "target_id": "tgt-02",
        "class_name": "crab_pot",
        "confidence_ai": 0.8626,
        "confidence_final": 0.8626,
        "hazard_risk": "LOW",
        "shadow_evidence": "NEUTRAL",
        "review_status": "UNVERIFIED",
        "length_m": 0.8,
        "width_m": 1.05,
        "area_m2": 0.84,
        "relief_height_m": 1.42,
        "bbox": [
          335.0,
          318.0,
          380.0,
          358.0
        ],
        "coordinate_frame": "LOCAL_TRACK_METRIC"
      }
    },
    {
      "type": "Feature",
      "id": "Rec14_wcp_ss_port_00022_png_jpg.rf.47fa83f07bc26e9243abd34b67217af8.jpg_tgt-03",
      "geometry": {
        "type": "Point",
        "coordinates": [
          -43.36,
          6.8
        ]
      },
      "properties": {
        "image_name": "Rec14_wcp_ss_port_00022_png_jpg.rf.47fa83f07bc26e9243abd34b67217af8.jpg",
        "target_id": "tgt-03",
        "class_name": "crab_pot",
        "confidence_ai": 0.8483,
        "confidence_final": 0.8483,
        "hazard_risk": "LOW",
        "shadow_evidence": "NEUTRAL",
        "review_status": "UNVERIFIED",
        "length_m": 0.85,
        "width_m": 0.65,
        "area_m2": 0.55,
        "relief_height_m": 0.36,
        "bbox": [
          24.0,
          256.0,
          61.0,
          297.0
        ],
        "coordinate_frame": "LOCAL_TRACK_METRIC"
      }
    },
    {
      "type": "Feature",
      "id": "Rec14_wcp_ss_port_00022_png_jpg.rf.47fa83f07bc26e9243abd34b67217af8.jpg_tgt-04",
      "geometry": {
        "type": "Point",
        "coordinates": [
          5.39,
          -8.67
        ]
      },
      "properties": {
        "image_name": "Rec14_wcp_ss_port_00022_png_jpg.rf.47fa83f07bc26e9243abd34b67217af8.jpg",
        "target_id": "tgt-04",
        "class_name": "crab_pot",
        "confidence_ai": 0.8425,
        "confidence_final": 0.8425,
        "hazard_risk": "LOW",
        "shadow_evidence": "NEUTRAL",
        "review_status": "UNVERIFIED",
        "length_m": 0.75,
        "width_m": 0.55,
        "area_m2": 0.41,
        "relief_height_m": 1.37,
        "bbox": [
          337.0,
          356.0,
          372.0,
          395.0
        ],
        "coordinate_frame": "LOCAL_TRACK_METRIC"
      }
    },
    {
      "type": "Feature",
      "id": "Rec14_wcp_ss_port_00022_png_jpg.rf.47fa83f07bc26e9243abd34b67217af8.jpg_tgt-05",
      "geometry": {
        "type": "Point",
        "coordinates": [
          -46.02,
          43.36
        ]
      },
      "properties": {
        "image_name": "Rec14_wcp_ss_port_00022_png_jpg.rf.47fa83f07bc26e9243abd34b67217af8.jpg",
        "target_id": "tgt-05",
        "class_name": "submarine_pipeline",
        "confidence_ai": 0.8279,
        "confidence_final": 0.8279,
        "hazard_risk": "HIGH",
        "shadow_evidence": "NEUTRAL",
        "review_status": "UNVERIFIED",
        "length_m": 1.95,
        "width_m": 0.85,
        "area_m2": 1.66,
        "relief_height_m": 0.05,
        "bbox": [
          5.0,
          11.0,
          46.0,
          74.0
        ],
        "coordinate_frame": "LOCAL_TRACK_METRIC"
      }
    },
    {
      "type": "Feature",
      "id": "Rec14_wcp_ss_port_00022_png_jpg.rf.47fa83f07bc26e9243abd34b67217af8.jpg_tgt-06",
      "geometry": {
        "type": "Point",
        "coordinates": [
          -39.14,
          43.28
        ]
      },
      "properties": {
        "image_name": "Rec14_wcp_ss_port_00022_png_jpg.rf.47fa83f07bc26e9243abd34b67217af8.jpg",
        "target_id": "tgt-06",
        "class_name": "submarine_pipeline",
        "confidence_ai": 0.8208,
        "confidence_final": 0.8208,
        "hazard_risk": "HIGH",
        "shadow_evidence": "NEUTRAL",
        "review_status": "UNVERIFIED",
        "length_m": 2.1,
        "width_m": 0.85,
        "area_m2": 1.78,
        "relief_height_m": 0.13,
        "bbox": [
          49.0,
          10.0,
          90.0,
          76.0
        ],
        "coordinate_frame": "LOCAL_TRACK_METRIC"
      }
    },
    {
      "type": "Feature",
      "id": "Rec14_wcp_ss_port_00022_png_jpg.rf.47fa83f07bc26e9243abd34b67217af8.jpg_tgt-07",
      "geometry": {
        "type": "Point",
        "coordinates": [
          -47.66,
          6.8
        ]
      },
      "properties": {
        "image_name": "Rec14_wcp_ss_port_00022_png_jpg.rf.47fa83f07bc26e9243abd34b67217af8.jpg",
        "target_id": "tgt-07",
        "class_name": "crab_pot",
        "confidence_ai": 0.814,
        "confidence_final": 0.894,
        "hazard_risk": "LOW",
        "shadow_evidence": "SUPPORTING",
        "review_status": "VERIFIED_3D",
        "length_m": 0.85,
        "width_m": 0.7,
        "area_m2": 0.59,
        "relief_height_m": 0.2,
        "bbox": [
          0.0,
          256.0,
          34.0,
          297.0
        ],
        "coordinate_frame": "LOCAL_TRACK_METRIC"
      }
    },
    {
      "type": "Feature",
      "id": "Rec14_wcp_ss_port_00022_png_jpg.rf.47fa83f07bc26e9243abd34b67217af8.jpg_tgt-08",
      "geometry": {
        "type": "Point",
        "coordinates": [
          -43.2,
          9.77
        ]
      },
      "properties": {
        "image_name": "Rec14_wcp_ss_port_00022_png_jpg.rf.47fa83f07bc26e9243abd34b67217af8.jpg",
        "target_id": "tgt-08",
        "class_name": "submarine_pipeline",
        "confidence_ai": 0.8117,
        "confidence_final": 0.8117,
        "hazard_risk": "HIGH",
        "shadow_evidence": "NEUTRAL",
        "review_status": "UNVERIFIED",
        "length_m": 1.25,
        "width_m": 0.55,
        "area_m2": 0.69,
        "relief_height_m": 0.41,
        "bbox": [
          26.0,
          233.0,
          61.0,
          282.0
        ],
        "coordinate_frame": "LOCAL_TRACK_METRIC"
      }
    },
    {
      "type": "Feature",
      "id": "Rec14_wcp_ss_port_00022_png_jpg.rf.82de6ab5a5773d507a60829bb898cf0e.jpg_tgt-01",
      "geometry": {
        "type": "Point",
        "coordinates": [
          -24.92,
          -2.03
        ]
      },
      "properties": {
        "image_name": "Rec14_wcp_ss_port_00022_png_jpg.rf.82de6ab5a5773d507a60829bb898cf0e.jpg",
        "target_id": "tgt-01",
        "class_name": "ghost_net",
        "confidence_ai": 0.8753,
        "confidence_final": 0.8753,
        "hazard_risk": "MEDIUM",
        "shadow_evidence": "NEUTRAL",
        "review_status": "UNVERIFIED",
        "length_m": 0.8,
        "width_m": 0.55,
        "area_m2": 0.44,
        "relief_height_m": 0.24,
        "bbox": [
          143.0,
          313.0,
          178.0,
          353.0
        ],
        "coordinate_frame": "LOCAL_TRACK_METRIC"
      }
    },
    {
      "type": "Feature",
      "id": "Rec14_wcp_ss_port_00022_png_jpg.rf.82de6ab5a5773d507a60829bb898cf0e.jpg_tgt-02",
      "geometry": {
        "type": "Point",
        "coordinates": [
          -25.23,
          -4.77
        ]
      },
      "properties": {
        "image_name": "Rec14_wcp_ss_port_00022_png_jpg.rf.82de6ab5a5773d507a60829bb898cf0e.jpg",
        "target_id": "tgt-02",
        "class_name": "crab_pot",
        "confidence_ai": 0.8494,
        "confidence_final": 0.8494,
        "hazard_risk": "LOW",
        "shadow_evidence": "NEUTRAL",
        "review_status": "UNVERIFIED",
        "length_m": 0.75,
        "width_m": 0.85,
        "area_m2": 0.64,
        "relief_height_m": 0.3,
        "bbox": [
          138.0,
          331.0,
          179.0,
          370.0
        ],
        "coordinate_frame": "LOCAL_TRACK_METRIC"
      }
    },
    {
      "type": "Feature",
      "id": "Rec14_wcp_ss_port_00022_png_jpg.rf.82de6ab5a5773d507a60829bb898cf0e.jpg_tgt-03",
      "geometry": {
        "type": "Point",
        "coordinates": [
          35.16,
          -18.98
        ]
      },
      "properties": {
        "image_name": "Rec14_wcp_ss_port_00022_png_jpg.rf.82de6ab5a5773d507a60829bb898cf0e.jpg",
        "target_id": "tgt-03",
        "class_name": "crab_pot",
        "confidence_ai": 0.8466,
        "confidence_final": 0.8466,
        "hazard_risk": "LOW",
        "shadow_evidence": "NEUTRAL",
        "review_status": "UNVERIFIED",
        "length_m": 0.65,
        "width_m": 0.6,
        "area_m2": 0.39,
        "relief_height_m": 0.37,
        "bbox": [
          527.0,
          423.0,
          563.0,
          460.0
        ],
        "coordinate_frame": "LOCAL_TRACK_METRIC"
      }
    },
    {
      "type": "Feature",
      "id": "Rec14_wcp_ss_port_00022_png_jpg.rf.82de6ab5a5773d507a60829bb898cf0e.jpg_tgt-04",
      "geometry": {
        "type": "Point",
        "coordinates": [
          -39.53,
          37.42
        ]
      },
      "properties": {
        "image_name": "Rec14_wcp_ss_port_00022_png_jpg.rf.82de6ab5a5773d507a60829bb898cf0e.jpg",
        "target_id": "tgt-04",
        "class_name": "submarine_pipeline",
        "confidence_ai": 0.8381,
        "confidence_final": 0.8381,
        "hazard_risk": "HIGH",
        "shadow_evidence": "NEUTRAL",
        "review_status": "UNVERIFIED",
        "length_m": 2.15,
        "width_m": 0.8,
        "area_m2": 1.72,
        "relief_height_m": 0.22,
        "bbox": [
          47.0,
          47.0,
          87.0,
          114.0
        ],
        "coordinate_frame": "LOCAL_TRACK_METRIC"
      }
    },
    {
      "type": "Feature",
      "id": "Rec14_wcp_ss_port_00022_png_jpg.rf.82de6ab5a5773d507a60829bb898cf0e.jpg_tgt-05",
      "geometry": {
        "type": "Point",
        "coordinates": [
          5.86,
          -2.73
        ]
      },
      "properties": {
        "image_name": "Rec14_wcp_ss_port_00022_png_jpg.rf.82de6ab5a5773d507a60829bb898cf0e.jpg",
        "target_id": "tgt-05",
        "class_name": "crab_pot",
        "confidence_ai": 0.8371,
        "confidence_final": 0.8371,
        "hazard_risk": "LOW",
        "shadow_evidence": "NEUTRAL",
        "review_status": "UNVERIFIED",
        "length_m": 0.75,
        "width_m": 1.05,
        "area_m2": 0.79,
        "relief_height_m": 1.12,
        "bbox": [
          335.0,
          318.0,
          380.0,
          357.0
        ],
        "coordinate_frame": "LOCAL_TRACK_METRIC"
      }
    },
    {
      "type": "Feature",
      "id": "Rec14_wcp_ss_port_00022_png_jpg.rf.82de6ab5a5773d507a60829bb898cf0e.jpg_tgt-06",
      "geometry": {
        "type": "Point",
        "coordinates": [
          -38.98,
          43.44
        ]
      },
      "properties": {
        "image_name": "Rec14_wcp_ss_port_00022_png_jpg.rf.82de6ab5a5773d507a60829bb898cf0e.jpg",
        "target_id": "tgt-06",
        "class_name": "submarine_pipeline",
        "confidence_ai": 0.835,
        "confidence_final": 0.835,
        "hazard_risk": "HIGH",
        "shadow_evidence": "NEUTRAL",
        "review_status": "UNVERIFIED",
        "length_m": 1.8,
        "width_m": 0.75,
        "area_m2": 1.35,
        "relief_height_m": 0.3,
        "bbox": [
          51.0,
          12.0,
          90.0,
          72.0
        ],
        "coordinate_frame": "LOCAL_TRACK_METRIC"
      }
    },
    {
      "type": "Feature",
      "id": "Rec14_wcp_ss_port_00022_png_jpg.rf.82de6ab5a5773d507a60829bb898cf0e.jpg_tgt-07",
      "geometry": {
        "type": "Point",
        "coordinates": [
          -32.66,
          4.45
        ]
      },
      "properties": {
        "image_name": "Rec14_wcp_ss_port_00022_png_jpg.rf.82de6ab5a5773d507a60829bb898cf0e.jpg",
        "target_id": "tgt-07",
        "class_name": "crab_pot",
        "confidence_ai": 0.81,
        "confidence_final": 0.81,
        "hazard_risk": "LOW",
        "shadow_evidence": "NEUTRAL",
        "review_status": "UNVERIFIED",
        "length_m": 0.65,
        "width_m": 0.7,
        "area_m2": 0.45,
        "relief_height_m": 0.11,
        "bbox": [
          92.0,
          273.0,
          130.0,
          310.0
        ],
        "coordinate_frame": "LOCAL_TRACK_METRIC"
      }
    },
    {
      "type": "Feature",
      "id": "Rec14_wcp_ss_port_00022_png_jpg.rf.82de6ab5a5773d507a60829bb898cf0e.jpg_tgt-08",
      "geometry": {
        "type": "Point",
        "coordinates": [
          34.22,
          -16.8
        ]
      },
      "properties": {
        "image_name": "Rec14_wcp_ss_port_00022_png_jpg.rf.82de6ab5a5773d507a60829bb898cf0e.jpg",
        "target_id": "tgt-08",
        "class_name": "crab_pot",
        "confidence_ai": 0.8066,
        "confidence_final": 0.8066,
        "hazard_risk": "LOW",
        "shadow_evidence": "NEUTRAL",
        "review_status": "UNVERIFIED",
        "length_m": 0.65,
        "width_m": 0.8,
        "area_m2": 0.52,
        "relief_height_m": 0.21,
        "bbox": [
          519.0,
          409.0,
          559.0,
          446.0
        ],
        "coordinate_frame": "LOCAL_TRACK_METRIC"
      }
    },
    {
      "type": "Feature",
      "id": "Rec14_wcp_ss_port_00022_png_jpg.rf.e8f7cf740f29b219d30c8fa0aaddceba.jpg_tgt-01",
      "geometry": {
        "type": "Point",
        "coordinates": [
          -39.53,
          37.42
        ]
      },
      "properties": {
        "image_name": "Rec14_wcp_ss_port_00022_png_jpg.rf.e8f7cf740f29b219d30c8fa0aaddceba.jpg",
        "target_id": "tgt-01",
        "class_name": "submarine_pipeline",
        "confidence_ai": 0.8757,
        "confidence_final": 0.8757,
        "hazard_risk": "HIGH",
        "shadow_evidence": "NEUTRAL",
        "review_status": "UNVERIFIED",
        "length_m": 2.15,
        "width_m": 0.8,
        "area_m2": 1.72,
        "relief_height_m": 0.3,
        "bbox": [
          47.0,
          47.0,
          87.0,
          114.0
        ],
        "coordinate_frame": "LOCAL_TRACK_METRIC"
      }
    },
    {
      "type": "Feature",
      "id": "Rec14_wcp_ss_port_00022_png_jpg.rf.e8f7cf740f29b219d30c8fa0aaddceba.jpg_tgt-02",
      "geometry": {
        "type": "Point",
        "coordinates": [
          5.86,
          -2.81
        ]
      },
      "properties": {
        "image_name": "Rec14_wcp_ss_port_00022_png_jpg.rf.e8f7cf740f29b219d30c8fa0aaddceba.jpg",
        "target_id": "tgt-02",
        "class_name": "crab_pot",
        "confidence_ai": 0.8725,
        "confidence_final": 0.8725,
        "hazard_risk": "LOW",
        "shadow_evidence": "NEUTRAL",
        "review_status": "UNVERIFIED",
        "length_m": 0.8,
        "width_m": 1.05,
        "area_m2": 0.84,
        "relief_height_m": 1.27,
        "bbox": [
          335.0,
          318.0,
          380.0,
          358.0
        ],
        "coordinate_frame": "LOCAL_TRACK_METRIC"
      }
    },
    {
      "type": "Feature",
      "id": "Rec14_wcp_ss_port_00022_png_jpg.rf.e8f7cf740f29b219d30c8fa0aaddceba.jpg_tgt-03",
      "geometry": {
        "type": "Point",
        "coordinates": [
          -43.36,
          6.8
        ]
      },
      "properties": {
        "image_name": "Rec14_wcp_ss_port_00022_png_jpg.rf.e8f7cf740f29b219d30c8fa0aaddceba.jpg",
        "target_id": "tgt-03",
        "class_name": "crab_pot",
        "confidence_ai": 0.8523,
        "confidence_final": 0.8523,
        "hazard_risk": "LOW",
        "shadow_evidence": "NEUTRAL",
        "review_status": "UNVERIFIED",
        "length_m": 0.85,
        "width_m": 0.65,
        "area_m2": 0.55,
        "relief_height_m": 0.36,
        "bbox": [
          24.0,
          256.0,
          61.0,
          297.0
        ],
        "coordinate_frame": "LOCAL_TRACK_METRIC"
      }
    },
    {
      "type": "Feature",
      "id": "Rec14_wcp_ss_port_00022_png_jpg.rf.e8f7cf740f29b219d30c8fa0aaddceba.jpg_tgt-04",
      "geometry": {
        "type": "Point",
        "coordinates": [
          -46.02,
          43.36
        ]
      },
      "properties": {
        "image_name": "Rec14_wcp_ss_port_00022_png_jpg.rf.e8f7cf740f29b219d30c8fa0aaddceba.jpg",
        "target_id": "tgt-04",
        "class_name": "submarine_pipeline",
        "confidence_ai": 0.8357,
        "confidence_final": 0.8357,
        "hazard_risk": "HIGH",
        "shadow_evidence": "NEUTRAL",
        "review_status": "UNVERIFIED",
        "length_m": 1.95,
        "width_m": 0.85,
        "area_m2": 1.66,
        "relief_height_m": 0.05,
        "bbox": [
          5.0,
          11.0,
          46.0,
          74.0
        ],
        "coordinate_frame": "LOCAL_TRACK_METRIC"
      }
    },
    {
      "type": "Feature",
      "id": "Rec14_wcp_ss_port_00022_png_jpg.rf.e8f7cf740f29b219d30c8fa0aaddceba.jpg_tgt-05",
      "geometry": {
        "type": "Point",
        "coordinates": [
          5.39,
          -8.67
        ]
      },
      "properties": {
        "image_name": "Rec14_wcp_ss_port_00022_png_jpg.rf.e8f7cf740f29b219d30c8fa0aaddceba.jpg",
        "target_id": "tgt-05",
        "class_name": "crab_pot",
        "confidence_ai": 0.8316,
        "confidence_final": 0.8316,
        "hazard_risk": "LOW",
        "shadow_evidence": "NEUTRAL",
        "review_status": "UNVERIFIED",
        "length_m": 0.75,
        "width_m": 0.55,
        "area_m2": 0.41,
        "relief_height_m": 1.37,
        "bbox": [
          337.0,
          356.0,
          372.0,
          395.0
        ],
        "coordinate_frame": "LOCAL_TRACK_METRIC"
      }
    },
    {
      "type": "Feature",
      "id": "Rec14_wcp_ss_port_00022_png_jpg.rf.e8f7cf740f29b219d30c8fa0aaddceba.jpg_tgt-06",
      "geometry": {
        "type": "Point",
        "coordinates": [
          -38.91,
          43.36
        ]
      },
      "properties": {
        "image_name": "Rec14_wcp_ss_port_00022_png_jpg.rf.e8f7cf740f29b219d30c8fa0aaddceba.jpg",
        "target_id": "tgt-06",
        "class_name": "submarine_pipeline",
        "confidence_ai": 0.8283,
        "confidence_final": 0.8283,
        "hazard_risk": "HIGH",
        "shadow_evidence": "NEUTRAL",
        "review_status": "UNVERIFIED",
        "length_m": 1.95,
        "width_m": 0.9,
        "area_m2": 1.75,
        "relief_height_m": 0.19,
        "bbox": [
          50.0,
          11.0,
          92.0,
          74.0
        ],
        "coordinate_frame": "LOCAL_TRACK_METRIC"
      }
    },
    {
      "type": "Feature",
      "id": "Rec14_wcp_ss_port_00022_png_jpg.rf.e8f7cf740f29b219d30c8fa0aaddceba.jpg_tgt-07",
      "geometry": {
        "type": "Point",
        "coordinates": [
          -47.66,
          6.8
        ]
      },
      "properties": {
        "image_name": "Rec14_wcp_ss_port_00022_png_jpg.rf.e8f7cf740f29b219d30c8fa0aaddceba.jpg",
        "target_id": "tgt-07",
        "class_name": "crab_pot",
        "confidence_ai": 0.818,
        "confidence_final": 0.898,
        "hazard_risk": "LOW",
        "shadow_evidence": "SUPPORTING",
        "review_status": "VERIFIED_3D",
        "length_m": 0.85,
        "width_m": 0.7,
        "area_m2": 0.59,
        "relief_height_m": 0.2,
        "bbox": [
          0.0,
          256.0,
          34.0,
          297.0
        ],
        "coordinate_frame": "LOCAL_TRACK_METRIC"
      }
    },
    {
      "type": "Feature",
      "id": "Rec14_wcp_ss_port_00022_png_jpg.rf.e8f7cf740f29b219d30c8fa0aaddceba.jpg_tgt-08",
      "geometry": {
        "type": "Point",
        "coordinates": [
          -46.72,
          37.42
        ]
      },
      "properties": {
        "image_name": "Rec14_wcp_ss_port_00022_png_jpg.rf.e8f7cf740f29b219d30c8fa0aaddceba.jpg",
        "target_id": "tgt-08",
        "class_name": "submarine_pipeline",
        "confidence_ai": 0.8144,
        "confidence_final": 0.8144,
        "hazard_risk": "HIGH",
        "shadow_evidence": "NEUTRAL",
        "review_status": "UNVERIFIED",
        "length_m": 2.15,
        "width_m": 0.9,
        "area_m2": 1.94,
        "relief_height_m": 0.16,
        "bbox": [
          0.0,
          47.0,
          42.0,
          114.0
        ],
        "coordinate_frame": "LOCAL_TRACK_METRIC"
      }
    },
    {
      "type": "Feature",
      "id": "Rec14_wcp_ss_port_00023_png_jpg.rf.be19cdb0272a6726a3e1f9c47014ef27.jpg_tgt-01",
      "geometry": {
        "type": "Point",
        "coordinates": [
          16.09,
          17.03
        ]
      },
      "properties": {
        "image_name": "Rec14_wcp_ss_port_00023_png_jpg.rf.be19cdb0272a6726a3e1f9c47014ef27.jpg",
        "target_id": "tgt-01",
        "class_name": "crab_pot",
        "confidence_ai": 0.9155,
        "confidence_final": 0.9155,
        "hazard_risk": "LOW",
        "shadow_evidence": "NEUTRAL",
        "review_status": "UNVERIFIED",
        "length_m": 1.1,
        "width_m": 1.2,
        "area_m2": 1.32,
        "relief_height_m": 0.58,
        "bbox": [
          399.0,
          188.0,
          447.0,
          234.0
        ],
        "coordinate_frame": "LOCAL_TRACK_METRIC"
      }
    },
    {
      "type": "Feature",
      "id": "Rec14_wcp_ss_port_00023_png_jpg.rf.be19cdb0272a6726a3e1f9c47014ef27.jpg_tgt-02",
      "geometry": {
        "type": "Point",
        "coordinates": [
          -15.94,
          -2.42
        ]
      },
      "properties": {
        "image_name": "Rec14_wcp_ss_port_00023_png_jpg.rf.be19cdb0272a6726a3e1f9c47014ef27.jpg",
        "target_id": "tgt-02",
        "class_name": "submarine_pipeline",
        "confidence_ai": 0.8863,
        "confidence_final": 0.8863,
        "hazard_risk": "HIGH",
        "shadow_evidence": "NEUTRAL",
        "review_status": "UNVERIFIED",
        "length_m": 0.95,
        "width_m": 0.5,
        "area_m2": 0.47,
        "relief_height_m": 0.97,
        "bbox": [
          201.0,
          314.0,
          235.0,
          357.0
        ],
        "coordinate_frame": "LOCAL_TRACK_METRIC"
      }
    },
    {
      "type": "Feature",
      "id": "Rec14_wcp_ss_port_00023_png_jpg.rf.be19cdb0272a6726a3e1f9c47014ef27.jpg_tgt-03",
      "geometry": {
        "type": "Point",
        "coordinates": [
          -47.81,
          -22.5
        ]
      },
      "properties": {
        "image_name": "Rec14_wcp_ss_port_00023_png_jpg.rf.be19cdb0272a6726a3e1f9c47014ef27.jpg",
        "target_id": "tgt-03",
        "class_name": "crab_pot",
        "confidence_ai": 0.8672,
        "confidence_final": 0.8672,
        "hazard_risk": "LOW",
        "shadow_evidence": "NEUTRAL",
        "review_status": "UNVERIFIED",
        "length_m": 0.6,
        "width_m": 0.6,
        "area_m2": 0.36,
        "relief_height_m": 0.05,
        "bbox": [
          0.0,
          446.0,
          32.0,
          482.0
        ],
        "coordinate_frame": "LOCAL_TRACK_METRIC"
      }
    },
    {
      "type": "Feature",
      "id": "Rec14_wcp_ss_port_00023_png_jpg.rf.be19cdb0272a6726a3e1f9c47014ef27.jpg_tgt-04",
      "geometry": {
        "type": "Point",
        "coordinates": [
          -11.95,
          -39.53
        ]
      },
      "properties": {
        "image_name": "Rec14_wcp_ss_port_00023_png_jpg.rf.be19cdb0272a6726a3e1f9c47014ef27.jpg",
        "target_id": "tgt-04",
        "class_name": "crab_pot",
        "confidence_ai": 0.843,
        "confidence_final": 0.843,
        "hazard_risk": "LOW",
        "shadow_evidence": "NEUTRAL",
        "review_status": "UNVERIFIED",
        "length_m": 0.9,
        "width_m": 0.75,
        "area_m2": 0.68,
        "relief_height_m": 2.82,
        "bbox": [
          224.0,
          552.0,
          263.0,
          594.0
        ],
        "coordinate_frame": "LOCAL_TRACK_METRIC"
      }
    },
    {
      "type": "Feature",
      "id": "Rec14_wcp_ss_port_00023_png_jpg.rf.be19cdb0272a6726a3e1f9c47014ef27.jpg_tgt-05",
      "geometry": {
        "type": "Point",
        "coordinates": [
          -21.41,
          -30.55
        ]
      },
      "properties": {
        "image_name": "Rec14_wcp_ss_port_00023_png_jpg.rf.be19cdb0272a6726a3e1f9c47014ef27.jpg",
        "target_id": "tgt-05",
        "class_name": "submarine_pipeline",
        "confidence_ai": 0.8422,
        "confidence_final": 0.8422,
        "hazard_risk": "HIGH",
        "shadow_evidence": "NEUTRAL",
        "review_status": "UNVERIFIED",
        "length_m": 0.95,
        "width_m": 0.5,
        "area_m2": 0.47,
        "relief_height_m": 0.44,
        "bbox": [
          166.0,
          494.0,
          200.0,
          537.0
        ],
        "coordinate_frame": "LOCAL_TRACK_METRIC"
      }
    },
    {
      "type": "Feature",
      "id": "Rec14_wcp_ss_port_00023_png_jpg.rf.be19cdb0272a6726a3e1f9c47014ef27.jpg_tgt-06",
      "geometry": {
        "type": "Point",
        "coordinates": [
          28.98,
          16.95
        ]
      },
      "properties": {
        "image_name": "Rec14_wcp_ss_port_00023_png_jpg.rf.be19cdb0272a6726a3e1f9c47014ef27.jpg",
        "target_id": "tgt-06",
        "class_name": "ghost_net",
        "confidence_ai": 0.8407,
        "confidence_final": 0.8407,
        "hazard_risk": "MEDIUM",
        "shadow_evidence": "NEUTRAL",
        "review_status": "UNVERIFIED",
        "length_m": 0.55,
        "width_m": 0.85,
        "area_m2": 0.47,
        "relief_height_m": 0.25,
        "bbox": [
          485.0,
          194.0,
          526.0,
          229.0
        ],
        "coordinate_frame": "LOCAL_TRACK_METRIC"
      }
    },
    {
      "type": "Feature",
      "id": "Rec14_wcp_ss_port_00023_png_jpg.rf.be19cdb0272a6726a3e1f9c47014ef27.jpg_tgt-07",
      "geometry": {
        "type": "Point",
        "coordinates": [
          -12.19,
          -42.27
        ]
      },
      "properties": {
        "image_name": "Rec14_wcp_ss_port_00023_png_jpg.rf.be19cdb0272a6726a3e1f9c47014ef27.jpg",
        "target_id": "tgt-07",
        "class_name": "crab_pot",
        "confidence_ai": 0.837,
        "confidence_final": 0.837,
        "hazard_risk": "LOW",
        "shadow_evidence": "NEUTRAL",
        "review_status": "UNVERIFIED",
        "length_m": 1.05,
        "width_m": 0.9,
        "area_m2": 0.95,
        "relief_height_m": 2.28,
        "bbox": [
          221.0,
          568.0,
          263.0,
          613.0
        ],
        "coordinate_frame": "LOCAL_TRACK_METRIC"
      }
    },
    {
      "type": "Feature",
      "id": "Rec14_wcp_ss_port_00023_png_jpg.rf.be19cdb0272a6726a3e1f9c47014ef27.jpg_tgt-08",
      "geometry": {
        "type": "Point",
        "coordinates": [
          -11.41,
          -37.03
        ]
      },
      "properties": {
        "image_name": "Rec14_wcp_ss_port_00023_png_jpg.rf.be19cdb0272a6726a3e1f9c47014ef27.jpg",
        "target_id": "tgt-08",
        "class_name": "crab_pot",
        "confidence_ai": 0.8368,
        "confidence_final": 0.8368,
        "hazard_risk": "LOW",
        "shadow_evidence": "NEUTRAL",
        "review_status": "UNVERIFIED",
        "length_m": 0.9,
        "width_m": 0.8,
        "area_m2": 0.72,
        "relief_height_m": 0.79,
        "bbox": [
          227.0,
          536.0,
          267.0,
          578.0
        ],
        "coordinate_frame": "LOCAL_TRACK_METRIC"
      }
    },
    {
      "type": "Feature",
      "id": "synth_ghost_net_00009.png_tgt-01",
      "geometry": {
        "type": "Point",
        "coordinates": [
          27.19,
          20.08
        ]
      },
      "properties": {
        "image_name": "synth_ghost_net_00009.png",
        "target_id": "tgt-01",
        "class_name": "ghost_net",
        "confidence_ai": 0.9242,
        "confidence_final": 0.9242,
        "hazard_risk": "MEDIUM",
        "shadow_evidence": "NEUTRAL",
        "review_status": "UNVERIFIED",
        "length_m": 5.05,
        "width_m": 8.2,
        "area_m2": 41.41,
        "relief_height_m": 2.15,
        "bbox": [
          399.0,
          129.0,
          589.0,
          254.0
        ],
        "coordinate_frame": "LOCAL_TRACK_METRIC"
      }
    },
    {
      "type": "Feature",
      "id": "synth_ghost_net_00010.png_tgt-01",
      "geometry": {
        "type": "Point",
        "coordinates": [
          -28.05,
          26.48
        ]
      },
      "properties": {
        "image_name": "synth_ghost_net_00010.png",
        "target_id": "tgt-01",
        "class_name": "ghost_net",
        "confidence_ai": 0.9146,
        "confidence_final": 0.9146,
        "hazard_risk": "MEDIUM",
        "shadow_evidence": "NEUTRAL",
        "review_status": "UNVERIFIED",
        "length_m": 6.35,
        "width_m": 4.45,
        "area_m2": 28.26,
        "relief_height_m": 0.87,
        "bbox": [
          84.0,
          75.0,
          197.0,
          226.0
        ],
        "coordinate_frame": "LOCAL_TRACK_METRIC"
      }
    },
    {
      "type": "Feature",
      "id": "synth_ghost_net_00011.png_tgt-01",
      "geometry": {
        "type": "Point",
        "coordinates": [
          -23.52,
          -14.84
        ]
      },
      "properties": {
        "image_name": "synth_ghost_net_00011.png",
        "target_id": "tgt-01",
        "class_name": "ghost_net",
        "confidence_ai": 0.9207,
        "confidence_final": 0.9207,
        "hazard_risk": "MEDIUM",
        "shadow_evidence": "NEUTRAL",
        "review_status": "UNVERIFIED",
        "length_m": 5.6,
        "width_m": 4.45,
        "area_m2": 24.92,
        "relief_height_m": 1.14,
        "bbox": [
          113.0,
          347.0,
          226.0,
          483.0
        ],
        "coordinate_frame": "LOCAL_TRACK_METRIC"
      }
    },
    {
      "type": "Feature",
      "id": "synth_ghost_net_00012.png_tgt-01",
      "geometry": {
        "type": "Point",
        "coordinates": [
          2.66,
          2.89
        ]
      },
      "properties": {
        "image_name": "synth_ghost_net_00012.png",
        "target_id": "tgt-01",
        "class_name": "ghost_net",
        "confidence_ai": 0.9425,
        "confidence_final": 0.9425,
        "hazard_risk": "MEDIUM",
        "shadow_evidence": "NEUTRAL",
        "review_status": "UNVERIFIED",
        "length_m": 5.75,
        "width_m": 7.4,
        "area_m2": 42.55,
        "relief_height_m": 5.11,
        "bbox": [
          251.0,
          232.0,
          423.0,
          371.0
        ],
        "coordinate_frame": "LOCAL_TRACK_METRIC"
      }
    },
    {
      "type": "Feature",
      "id": "synth_ghost_net_00013.png_tgt-01",
      "geometry": {
        "type": "Point",
        "coordinates": [
          12.5,
          25.62
        ]
      },
      "properties": {
        "image_name": "synth_ghost_net_00013.png",
        "target_id": "tgt-01",
        "class_name": "ghost_net",
        "confidence_ai": 0.8986,
        "confidence_final": 0.8986,
        "hazard_risk": "MEDIUM",
        "shadow_evidence": "NEUTRAL",
        "review_status": "UNVERIFIED",
        "length_m": 6.4,
        "width_m": 6.3,
        "area_m2": 40.32,
        "relief_height_m": 4.58,
        "bbox": [
          325.0,
          80.0,
          475.0,
          232.0
        ],
        "coordinate_frame": "LOCAL_TRACK_METRIC"
      }
    },
    {
      "type": "Feature",
      "id": "synth_ghost_net_00014.png_tgt-01",
      "geometry": {
        "type": "Point",
        "coordinates": [
          14.06,
          27.34
        ]
      },
      "properties": {
        "image_name": "synth_ghost_net_00014.png",
        "target_id": "tgt-01",
        "class_name": "ghost_net",
        "confidence_ai": 0.9267,
        "confidence_final": 0.9267,
        "hazard_risk": "MEDIUM",
        "shadow_evidence": "NEUTRAL",
        "review_status": "UNVERIFIED",
        "length_m": 4.6,
        "width_m": 6.4,
        "area_m2": 29.44,
        "relief_height_m": 5.12,
        "bbox": [
          334.0,
          87.0,
          486.0,
          203.0
        ],
        "coordinate_frame": "LOCAL_TRACK_METRIC"
      }
    },
    {
      "type": "Feature",
      "id": "synth_ghost_net_00015.png_tgt-01",
      "geometry": {
        "type": "Point",
        "coordinates": [
          14.84,
          -17.66
        ]
      },
      "properties": {
        "image_name": "synth_ghost_net_00015.png",
        "target_id": "tgt-01",
        "class_name": "ghost_net",
        "confidence_ai": 0.9397,
        "confidence_final": 0.9397,
        "hazard_risk": "MEDIUM",
        "shadow_evidence": "NEUTRAL",
        "review_status": "UNVERIFIED",
        "length_m": 10.1,
        "width_m": 7.7,
        "area_m2": 77.77,
        "relief_height_m": 2.53,
        "bbox": [
          326.0,
          316.0,
          504.0,
          550.0
        ],
        "coordinate_frame": "LOCAL_TRACK_METRIC"
      }
    },
    {
      "type": "Feature",
      "id": "synth_ghost_net_00021.png_tgt-01",
      "geometry": {
        "type": "Point",
        "coordinates": [
          -17.73,
          -0.08
        ]
      },
      "properties": {
        "image_name": "synth_ghost_net_00021.png",
        "target_id": "tgt-01",
        "class_name": "ghost_net",
        "confidence_ai": 0.9191,
        "confidence_final": 0.9191,
        "hazard_risk": "MEDIUM",
        "shadow_evidence": "NEUTRAL",
        "review_status": "UNVERIFIED",
        "length_m": 6.35,
        "width_m": 8.05,
        "area_m2": 51.12,
        "relief_height_m": 2.0,
        "bbox": [
          114.0,
          245.0,
          299.0,
          396.0
        ],
        "coordinate_frame": "LOCAL_TRACK_METRIC"
      }
    },
    {
      "type": "Feature",
      "id": "synth_ghost_net_00021.png_tgt-02",
      "geometry": {
        "type": "Point",
        "coordinates": [
          -42.11,
          48.83
        ]
      },
      "properties": {
        "image_name": "synth_ghost_net_00021.png",
        "target_id": "tgt-02",
        "class_name": "shipwreck",
        "confidence_ai": 0.355,
        "confidence_final": 0.475,
        "hazard_risk": "HIGH",
        "shadow_evidence": "SUPPORTING",
        "review_status": "VERIFIED_3D",
        "length_m": 0.75,
        "width_m": 1.25,
        "area_m2": 0.94,
        "relief_height_m": 0.99,
        "bbox": [
          26.0,
          0.0,
          75.0,
          27.0
        ],
        "coordinate_frame": "LOCAL_TRACK_METRIC"
      }
    },
    {
      "type": "Feature",
      "id": "synth_ghost_net_00029.png_tgt-01",
      "geometry": {
        "type": "Point",
        "coordinates": [
          -2.97,
          13.75
        ]
      },
      "properties": {
        "image_name": "synth_ghost_net_00029.png",
        "target_id": "tgt-01",
        "class_name": "ghost_net",
        "confidence_ai": 0.9457,
        "confidence_final": 0.9457,
        "hazard_risk": "MEDIUM",
        "shadow_evidence": "NEUTRAL",
        "review_status": "UNVERIFIED",
        "length_m": 10.9,
        "width_m": 8.1,
        "area_m2": 88.29,
        "relief_height_m": 5.8,
        "bbox": [
          208.0,
          106.0,
          394.0,
          358.0
        ],
        "coordinate_frame": "LOCAL_TRACK_METRIC"
      }
    },
    {
      "type": "Feature",
      "id": "synth_ghost_net_00030.png_tgt-01",
      "geometry": {
        "type": "Point",
        "coordinates": [
          22.27,
          -24.06
        ]
      },
      "properties": {
        "image_name": "synth_ghost_net_00030.png",
        "target_id": "tgt-01",
        "class_name": "ghost_net",
        "confidence_ai": 0.9247,
        "confidence_final": 0.9247,
        "hazard_risk": "MEDIUM",
        "shadow_evidence": "NEUTRAL",
        "review_status": "UNVERIFIED",
        "length_m": 5.3,
        "width_m": 6.85,
        "area_m2": 36.3,
        "relief_height_m": 2.69,
        "bbox": [
          382.0,
          409.0,
          543.0,
          539.0
        ],
        "coordinate_frame": "LOCAL_TRACK_METRIC"
      }
    },
    {
      "type": "Feature",
      "id": "synth_ghost_net_00033.png_tgt-01",
      "geometry": {
        "type": "Point",
        "coordinates": [
          22.58,
          10.86
        ]
      },
      "properties": {
        "image_name": "synth_ghost_net_00033.png",
        "target_id": "tgt-01",
        "class_name": "ghost_net",
        "confidence_ai": 0.9282,
        "confidence_final": 0.9282,
        "hazard_risk": "MEDIUM",
        "shadow_evidence": "NEUTRAL",
        "review_status": "UNVERIFIED",
        "length_m": 5.35,
        "width_m": 9.45,
        "area_m2": 50.56,
        "relief_height_m": 1.26,
        "bbox": [
          355.0,
          185.0,
          574.0,
          316.0
        ],
        "coordinate_frame": "LOCAL_TRACK_METRIC"
      }
    },
    {
      "type": "Feature",
      "id": "synth_ghost_net_00037.png_tgt-01",
      "geometry": {
        "type": "Point",
        "coordinates": [
          10.94,
          10.31
        ]
      },
      "properties": {
        "image_name": "synth_ghost_net_00037.png",
        "target_id": "tgt-01",
        "class_name": "ghost_net",
        "confidence_ai": 0.9153,
        "confidence_final": 0.9153,
        "hazard_risk": "MEDIUM",
        "shadow_evidence": "NEUTRAL",
        "review_status": "UNVERIFIED",
        "length_m": 8.7,
        "width_m": 4.1,
        "area_m2": 35.67,
        "relief_height_m": 5.54,
        "bbox": [
          337.0,
          154.0,
          443.0,
          354.0
        ],
        "coordinate_frame": "LOCAL_TRACK_METRIC"
      }
    },
    {
      "type": "Feature",
      "id": "synth_ghost_net_00046.png_tgt-01",
      "geometry": {
        "type": "Point",
        "coordinates": [
          9.14,
          24.77
        ]
      },
      "properties": {
        "image_name": "synth_ghost_net_00046.png",
        "target_id": "tgt-01",
        "class_name": "ghost_net",
        "confidence_ai": 0.9251,
        "confidence_final": 0.9251,
        "hazard_risk": "MEDIUM",
        "shadow_evidence": "NEUTRAL",
        "review_status": "UNVERIFIED",
        "length_m": 5.25,
        "width_m": 4.65,
        "area_m2": 24.41,
        "relief_height_m": 5.87,
        "bbox": [
          320.0,
          97.0,
          437.0,
          226.0
        ],
        "coordinate_frame": "LOCAL_TRACK_METRIC"
      }
    },
    {
      "type": "Feature",
      "id": "synth_ghost_net_00055.png_tgt-01",
      "geometry": {
        "type": "Point",
        "coordinates": [
          24.69,
          -11.25
        ]
      },
      "properties": {
        "image_name": "synth_ghost_net_00055.png",
        "target_id": "tgt-01",
        "class_name": "ghost_net",
        "confidence_ai": 0.9247,
        "confidence_final": 0.9247,
        "hazard_risk": "MEDIUM",
        "shadow_evidence": "NEUTRAL",
        "review_status": "UNVERIFIED",
        "length_m": 8.3,
        "width_m": 9.1,
        "area_m2": 75.53,
        "relief_height_m": 2.43,
        "bbox": [
          373.0,
          296.0,
          583.0,
          488.0
        ],
        "coordinate_frame": "LOCAL_TRACK_METRIC"
      }
    }
  ]
}